0,619,264,1.0;
0,619.0,262.8,2.0;
0,619.9,259.9,3.0;
0,620.95,256.402,4.0;
0,623.611,252.3586,5.0;
0,627.7423,251.62106,6.0;
0,627.7423,251.62106,7.0;
0,627.7423,251.62106,8.0;
0,627.7423,251.62106,9.0;
0,627.7423,251.62106,10.0;
0,627.7423,251.62106,11.0;
0,627.7423,251.62106,12.0;
0,627.7423,251.62106,13.0;
0,627.7423,251.62106,14.0;
0,627.7423,251.62106,15.0;
0,627.7423,251.62106,16.0;
0,617.01961,246.634742,17.0;
0,607.092381,241.514827,18.0;
0,599.5891137,238.59381958,19.0;
0,596.13411445,237.883662334,20.0;
0,596.324445113,238.556222069,21.0;
0,599.026674555,240.428237783,22.0;
0,602.952987658,243.005224759,23.0;
0,606.763946205,245.526979028,24.0;
0,610.079456978,247.322146872,25.0;
0,612.475484196,248.843682677,26.0;
0,613.693633548,250.636385232,27.0;
0,615.435452462,252.894838503,28.0;
0,617.717653414,255.606914323,29.0;
0,621.989096059,269.447879059,30.0;
0,625.292367242,279.213515341,31.0;
0,627.904657069,286.349460739,32.0;
0,630.033259948,291.044622517,33.0;
0,631.523281964,288.031235762,34.0;
0,631.523281964,288.031235762,35.0;
0,631.523281964,288.031235762,36.0;
0,631.523281964,288.031235762,37.0;
0,631.523281964,288.031235762,38.0;
0,631.523281964,288.031235762,39.0;
0,631.966297375,285.621865033,40.0;
0,632.876408162,285.135305523,41.0;
0,634.113485714,282.094713866,42.0;
0,634.113485714,282.094713866,43.0;
0,634.113485714,282.094713866,44.0;
0,634.113485714,282.094713866,45.0;
0,634.113485714,282.094713866,46.0;
0,634.113485714,282.094713866,47.0;
0,634.97944,287.466299706,48.0;
0,635.285608,291.826409795,49.0;
0,635.4999256,294.578486856,50.0;
0,635.64994792,296.804940799,51.0;
0,635.754963544,298.36345856,52.0;
0,635.828474481,299.454420992,53.0;
0,635.828474481,299.454420992,54.0;
0,635.828474481,299.454420992,55.0;
0,635.828474481,299.454420992,56.0;
0,635.828474481,299.454420992,57.0;
0,635.828474481,299.454420992,58.0;
1,552,222,1.0;
1,553.2,221.7,2.0;
1,555.8,220.75,3.0;
1,558.348,219.463,4.0;
1,560.8044,218.3619,5.0;
1,563.99084,217.65119,6.0;
1,567.157628,218.243883,7.0;
1,570.310046,219.5923815,8.0;
1,573.41478812,221.27352147,9.0;
1,575.865598796,222.963844271,10.0;
1,577.572997088,224.779825529,11.0;
1,578.980160888,226.414020396,12.0;
1,580.073330786,228.081524219,13.0;
1,581.266439924,229.254130062,14.0;
1,582.725306661,230.444715519,15.0;
1,584.773692302,232.155817339,16.0;
1,577.199628262,236.893521851,17.0;
1,577.199628262,236.893521851,18.0;
1,577.199628262,236.893521851,19.0;
1,577.199628262,236.893521851,20.0;
1,577.199628262,236.893521851,21.0;
1,577.199628262,236.893521851,22.0;
1,577.199628262,236.893521851,23.0;
1,577.199628262,236.893521851,24.0;
1,577.199628262,236.893521851,25.0;
1,577.199628262,236.893521851,26.0;
1,577.199628262,236.893521851,27.0;
1,578.639739784,245.625465295,28.0;
1,579.647817849,251.737825707,29.0;
1,586.653472494,258.416477995,30.0;
1,586.653472494,258.416477995,31.0;
1,586.653472494,258.416477995,32.0;
1,586.653472494,258.416477995,33.0;
1,586.653472494,258.416477995,34.0;
1,586.653472494,258.416477995,35.0;
1,586.653472494,258.416477995,36.0;
1,586.653472494,258.416477995,37.0;
1,586.653472494,258.416477995,38.0;
1,586.653472494,258.416477995,39.0;
1,586.653472494,258.416477995,40.0;
1,586.653472494,258.416477995,41.0;
1,586.653472494,258.416477995,42.0;
1,586.653472494,258.416477995,43.0;
1,586.653472494,258.416477995,44.0;
1,586.653472494,258.416477995,45.0;
2,19,201,1.0;
2,19.3,198.6,2.0;
2,19.65,194.6,3.0;
2,20.537,189.704,4.0;
2,22.3141,185.7392,5.0;
2,24.90761,182.42672,6.0;
2,28.363997,181.360784,7.0;
2,32.4449345,181.710056,8.0;
2,34.71145415,182.9970392,9.0;
2,37.798017905,184.19792744,10.0;
2,40.5586125335,185.038549208,11.0;
2,43.6910287734,185.926984446,12.0;
2,46.4837201414,186.548889112,13.0;
2,49.038604099,186.984222378,14.0;
2,51.4270228693,187.588955665,15.0;
2,53.9989160085,187.712268965,16.0;
2,56.399241206,187.498588276,17.0;
2,59.2794688442,187.349011793,18.0;
2,62.7956281909,186.344308255,19.0;
2,66.7569397336,185.941015779,20.0;
2,70.7298578135,185.658711045,21.0;
2,75.0109004695,185.761097732,22.0;
2,79.2076303286,186.132768412,23.0;
2,83.34534123,186.692937888,24.0;
2,87.141738861,187.085056522,25.0;
2,90.3992172027,187.359539565,26.0;
2,93.5794520419,188.151677696,27.0;
2,96.7056164293,189.006174387,28.0;
2,99.4939315005,189.304322071,29.0;
2,103.54575205,188.01302545,30.0;
2,107.582026435,186.809117815,31.0;
2,111.907418505,185.96638247,32.0;
2,116.135192953,185.076467729,33.0;
2,120.294635067,184.75352741,34.0;
2,124.406244547,184.527469187,35.0;
2,128.184371183,184.369228431,36.0;
2,131.729059828,184.558459902,37.0;
2,134.81034188,184.990921931,38.0;
2,137.567239316,185.293645352,39.0;
2,139.797067521,185.805551746,40.0;
2,142.257947265,186.163886222,41.0;
2,144.880563085,186.114720356,42.0;
2,142.21639416,195.980304249,43.0;
2,147.851475912,190.886212974,44.0;
2,153.596033138,187.020349082,45.0;
2,158.817223197,184.314244357,46.0;
2,163.972056238,182.41997105,47.0;
2,168.780439366,181.693979735,48.0;
2,173.046307556,181.485785815,49.0;
2,176.93241529,181.04005007,50.0;
2,179.652690703,180.728035049,51.0;
2,182.456883492,180.809624534,52.0;
2,185.019818444,180.866737174,53.0;
2,187.713872911,180.906716022,54.0;
2,183.599711038,189.634701215,55.0;
2,181.619797726,195.744290851,56.0;
2,189.833858408,188.621003595,57.0;
2,196.783700886,183.934702517,58.0;
2,202.84859062,180.654291762,59.0;
2,208.294013434,178.658004233,60.0;
2,213.005809404,177.260602963,61.0;
2,217.204066583,176.582422074,62.0;
2,221.042846608,176.407695452,63.0;
2,224.029992626,176.585386816,64.0;
2,226.720994838,176.709770771,65.0;
2,229.504696387,176.49683954,66.0;
2,233.553287471,173.947787678,67.0;
2,237.287301229,171.863451375,68.0;
2,241.101110861,170.704415962,69.0;
2,244.970777602,169.593091174,70.0;
2,249.179544322,169.115163821,71.0;
2,253.325681025,169.080614675,72.0;
2,257.427976718,168.756430273,73.0;
2,261.199583702,169.129501191,74.0;
2,264.739708592,169.390650834,75.0;
2,267.517796014,169.873455583,76.0;
2,269.76245721,170.211418908,77.0;
2,272.233720047,170.447993236,78.0;
2,274.563604033,170.613595265,79.0;
2,278.594522823,168.929516686,80.0;
2,282.316165976,167.15066168,81.0;
2,286.121316183,165.305463176,82.0;
2,289.984921328,165.213824223,83.0;
2,293.58944493,165.149676956,84.0;
2,297.312611451,164.804773869,85.0;
2,300.818828016,164.863341709,86.0;
2,304.173179611,165.204339196,87.0;
2,307.421225728,165.443037437,88.0;
2,309.994858009,166.210126206,89.0;
2,312.396400607,167.047088344,90.0;
2,314.377480425,167.632961841,91.0;
2,317.564236297,166.543073289,92.0;
2,320.094965408,166.080151302,93.0;
2,323.666475786,164.856105911,94.0;
2,327.36653305,163.699274138,95.0;
2,331.156573135,162.889491897,96.0;
2,335.309601194,162.022644328,97.0;
2,339.716720836,161.115851029,98.0;
2,338.601704585,164.681095721,99.0;
2,338.42119321,168.376767004,100.0;
2,343.994835247,165.863736903,101.0;
2,347.596384673,169.204615832,102.0;
2,350.717469271,166.743231083,103.0;
2,353.50222849,165.920261758,104.0;
2,354.851559943,168.34418323,105.0;
2,358.49609196,169.440928261,106.0;
2,363.147264372,166.008649783,107.0;
2,367.30308506,163.006054848,108.0;
2,371.112159542,161.204238394,109.0;
2,374.67851168,159.942966876,110.0;
2,378.074958176,159.360076813,111.0;
2,381.052470723,158.052053769,112.0;
2,383.736729506,157.436437638,113.0;
2,386.215710654,157.305506347,114.0;
2,388.550997458,157.813854443,115.0;
2,390.485698221,158.16969811,116.0;
2,392.139988754,158.418788677,117.0;
2,394.197992128,158.593152074,118.0;
2,396.53859449,158.415206452,119.0;
2,399.377016143,157.390644516,120.0;
2,402.8639113,156.073451161,121.0;
2,407.10473791,153.651415813,122.0;
2,411.273316537,151.655991069,123.0;
2,415.091321576,150.559193748,124.0;
2,418.663925103,149.491435624,125.0;
2,422.664747572,148.144004937,126.0;
2,426.065323301,146.900803456,127.0;
2,427.84572631,147.530562419,128.0;
2,431.192008417,145.871393693,129.0;
2,432.034405892,147.109975585,130.0;
2,433.524084124,147.97698291,131.0;
2,434.566858887,150.083888037,132.0;
2,437.996801221,147.958721626,133.0;
2,441.297760855,146.171105138,134.0;
2,444.508432598,143.719773597,135.0;
2,447.655902819,142.903841518,136.0;
2,450.759131973,142.332689062,137.0;
2,453.531392381,141.932882344,138.0;
2,456.371974667,141.653017641,139.0;
2,458.960382267,141.757112348,140.0;
2,461.072267587,142.129978644,141.0;
2,462.850587311,142.990985051,142.0;
2,464.395411118,143.593689535,143.0;
2,466.076787782,143.715582675,144.0;
2,466.053751448,148.300907872,145.0;
2,469.937626013,145.510635511,146.0;
2,472.056338209,148.357444857,147.0;
2,470.839436747,153.3502114,148.0;
2,470.887605723,156.54514798,149.0;
2,477.221324006,150.681603586,150.0;
2,482.854926804,146.57712251,151.0;
2,481.998448763,148.203985757,152.0;
2,487.098914134,145.44279003,153.0;
2,490.669239894,143.209953021,154.0;
2,493.468467926,141.946967115,155.0;
2,490.627927548,146.76287698,156.0;
2,494.939549284,144.434013886,157.0;
2,499.757684498,141.90380972,158.0;
2,504.030379149,139.232666804,159.0;
2,508.221265404,137.362866763,160.0;
2,512.054885783,135.454006734,161.0;
2,515.338420048,135.017804714,162.0;
2,518.536894034,134.7124633,163.0;
2,519.875825824,138.69872431,164.0;
2,522.913078076,137.589107017,165.0;
2,523.839154654,141.612374912,166.0;
2,525.987408257,140.228662438,167.0;
2,527.79118578,139.860063707,168.0;
2,529.353830046,139.302044595,169.0;
2,531.047681032,138.611431216,170.0;
2,532.233376723,139.928001851,171.0;
2,533.663363706,141.449601296,172.0;
2,537.664354594,139.514720907,173.0;
2,541.365048216,137.860304635,174.0;
2,545.455533751,136.102213245,175.0;
2,547.418873626,138.771549271,176.0;
2,551.193211538,137.04008449,177.0;
2,554.435248077,135.828059143,178.0;
2,557.004673654,135.2796414,179.0;
2,560.603271558,133.09574898,180.0;
2,564.02229009,131.567024286,181.0;
2,567.315603063,130.196917,182.0;
2,570.520922144,128.9378419,183.0;
2,573.664645501,127.45648933,184.0;
2,574.965251851,127.919542531,185.0;
2,577.075676295,127.343679772,186.0;
2,578.852973407,128.14057584,187.0;
2,580.997081385,128.398403088,188.0;
2,583.397956969,128.278882162,189.0;
2,585.378569879,128.495217513,190.0;
2,587.364998915,128.946652259,191.0;
2,588.75549924,129.862656581,192.0;
2,589.728849468,131.103859607,193.0;
2,590.710194628,131.972701725,194.0;
2,591.997136239,132.280891207,195.0;
2,593.497995368,134.896623845,196.0;
2,594.548596757,137.327636692,197.0;
2,598.58401773,133.629345684,198.0;
2,600.508812411,134.940541979,199.0;
2,602.156168688,136.158379385,200.0;
2,604.209318081,137.31086557,201.0;
2,606.246522657,138.117605899,202.0;
2,608.27256586,138.082324129,203.0;
2,610.290796102,139.25762689,204.0;
2,611.403557271,138.280338823,205.0;
2,611.58249009,138.496237176,206.0;
2,612.007743063,138.647366023,207.0;
2,612.905420144,139.053156216,208.0;
2,607.833794101,145.337209351,209.0;
2,607.833794101,145.337209351,210.0;
2,612.683655871,141.936046546,211.0;
2,612.683655871,141.936046546,212.0;
2,612.683655871,141.936046546,213.0;
2,612.683655871,141.936046546,214.0;
2,612.683655871,141.936046546,215.0;
2,612.683655871,141.936046546,216.0;
2,612.683655871,141.936046546,217.0;
2,614.578559109,144.955232582,218.0;
2,614.578559109,144.955232582,219.0;
2,614.578559109,144.955232582,220.0;
2,617.404991377,146.768662808,221.0;
2,619.683493964,148.038063965,222.0;
2,619.683493964,148.038063965,223.0;
2,619.683493964,148.038063965,224.0;
2,619.683493964,148.038063965,225.0;
2,619.683493964,148.038063965,236.0;
2,619.683493964,148.038063965,237.0;
2,619.683493964,148.038063965,239.0;
2,619.683493964,148.038063965,240.0;
2,619.683493964,148.038063965,254.0;
2,619.683493964,148.038063965,255.0;
2,619.683493964,148.038063965,262.0;
2,619.683493964,148.038063965,263.0;
2,619.683493964,148.038063965,264.0;
2,619.683493964,148.038063965,265.0;
2,619.683493964,148.038063965,277.0;
2,619.683493964,148.038063965,278.0;
2,619.683493964,148.038063965,279.0;
3,105,200,1.0;
3,105.6,201.8,2.0;
3,105.7,203.3,3.0;
3,107.074,203.422,4.0;
3,108.006,203.658,5.0;
3,108.938,203.894,6.0;
3,109.87,204.13,7.0;
3,110.802,204.366,8.0;
3,111.734,204.602,9.0;
3,112.666,204.838,10.0;
3,113.598,205.074,11.0;
3,114.53,205.31,12.0;
3,115.462,205.546,13.0;
3,116.394,205.782,14.0;
3,117.326,206.018,15.0;
3,118.258,206.254,16.0;
3,119.19,206.49,17.0;
3,120.122,206.726,18.0;
3,121.054,206.962,19.0;
3,121.986,207.198,20.0;
3,122.918,207.434,21.0;
3,123.85,207.67,22.0;
3,124.782,207.906,23.0;
3,125.714,208.142,24.0;
3,126.646,208.378,25.0;
3,129.5046,211.7298,26.0;
3,131.5346,213.9958,27.0;
3,133.5646,216.2618,28.0;
3,135.5946,218.5278,29.0;
3,123.03722,219.35566,30.0;
3,108.05541,219.54679,31.0;
3,96.987414,219.788082,32.0;
4,497,97,1.0;
4,496.7,97.3,2.0;
4,496.05,97.65,3.0;
4,494.813,97.937,4.0;
4,493.6489,98.1141,5.0;
4,492.52829,97.88361,6.0;
4,491.763393,97.824797,7.0;
4,491.0965685,97.5374145,8.0;
4,490.5686271,97.3382179,9.0;
4,490.0406857,97.1390213,10.0;
4,489.5127443,96.9398247,11.0;
4,489.28936203,97.11843967,12.0;
4,489.049033831,97.447669739,13.0;
4,488.601701243,97.7756444455,14.0;
4,490.294752671,98.0176427253,15.0;
4,491.380322537,98.2122495049,16.0;
4,492.926124683,98.2847993991,17.0;
4,493.770981466,98.2513794961,18.0;
4,493.743646084,98.4673056815,19.0;
4,493.821414697,98.6096069544,20.0;
4,493.899183311,98.7519082273,21.0;
4,493.083866347,98.6259466501,22.0;
4,492.550690852,98.5609457684,23.0;
4,491.412260751,98.3471614207,24.0;
4,490.107552099,98.1371802166,25.0;
4,489.127073868,97.9770341228,26.0;
4,488.102616947,97.8718216203,27.0;
4,487.202240664,97.8462289977,28.0;
4,486.493496248,97.8169679851,29.0;
4,485.784751831,97.7877069725,30.0;
4,485.076007415,97.75844596,31.0;
4,484.367262999,97.7291849474,32.0;
4,483.760963007,97.7899467544,33.0;
4,483.262263758,97.8265531574,34.0;
4,482.763564508,97.8631595603,35.0;
4,482.264865259,97.8997659633,36.0;
4,481.766166009,97.9363723663,37.0;
4,481.26746676,97.9729787693,38.0;
4,480.838137257,98.3067096206,39.0;
4,480.485424355,98.5340777085,40.0;
4,480.132711454,98.7614457965,41.0;
4,479.779998552,98.9888138844,42.0;
4,479.42728565,99.2161819723,43.0;
4,479.352200924,99.3104850422,44.0;
4,479.255116053,99.4036695005,45.0;
4,478.510621827,98.7477977711,46.0;
4,478.000943386,98.2260821822,47.0;
4,477.415278178,97.875140085,48.0;
4,476.679333336,97.7110760885,49.0;
4,476.090577557,97.6943204674,50.0;
4,475.437324156,97.7644139981,51.0;
4,474.657797971,97.8649187358,52.0;
4,474.071765478,97.9376035965,53.0;
4,473.485732985,98.0102884573,54.0;
4,472.899700493,98.082973318,55.0;
5,482,98,1.0;
5,482.3,98.0,2.0;
5,482.65,98.0,3.0;
5,482.937,98.0,4.0;
5,483.1141,98.0,5.0;
5,483.2623,98.0,6.0;
5,483.4105,98.0,7.0;
5,483.5587,98.0,8.0;
5,483.7069,98.0,9.0;
5,483.8551,98.0,10.0;
5,484.0033,98.0,11.0;
5,484.1515,98.0,12.0;
5,484.2997,98.0,13.0;
5,484.4479,98.0,14.0;
5,485.61727,97.7,15.0;
5,486.591627,97.65,16.0;
5,487.2434439,97.713,17.0;
5,487.24516595,97.8229,18.0;
5,486.622387151,97.93049,19.0;
5,485.851810364,98.008813,20.0;
5,485.284023813,98.071975,21.0;
5,484.501366083,98.0945959,22.0;
5,483.932722573,98.08266867,23.0;
5,483.331774338,98.054495567,24.0;
5,482.608981999,98.0245497819,25.0;
5,482.045882969,98.001397199,26.0;
5,481.41861794,97.9880684808,27.0;
5,480.65850886,97.9837065936,28.0;
5,480.088050673,97.9792860321,29.0;
5,479.517592487,97.9748654705,30.0;
5,478.9471343,97.970444909,31.0;
5,478.376676113,97.9660243474,32.0;
5,477.564352548,97.9731226501,33.0;
5,476.96271969,97.6840858106,34.0;
5,477.235498169,97.6443628697,35.0;
5,476.947024594,97.4145836767,36.0;
5,476.770361425,97.2544508181,37.0;
5,476.115588779,97.0660225716,38.0;
5,475.655518592,96.9190526928,39.0;
5,475.195448406,96.7720828141,40.0;
5,474.735378219,96.6251129353,41.0;
5,474.275308033,96.4781430565,42.0;
5,473.815237846,96.3311731777,43.0;
5,473.35516766,96.1842032989,44.0;
5,472.895097473,96.0372334202,45.0;
5,472.435027287,95.8902635414,46.0;
5,471.9749571,95.7432936626,47.0;
5,471.514886914,95.5963237838,48.0;
6,9,216,4.0;
6,9,216,4.0;
6,9,216,5.0;
6,9,216,6.0;
6,9,216,7.0;
6,9,216,8.0;
6,9,216,9.0;
6,9,216,10.0;
6,9,216,11.0;
6,9,216,12.0;
6,9,216,13.0;
6,9,216,14.0;
6,9,216,15.0;
6,9,216,16.0;
6,9,216,17.0;
6,9,216,18.0;
6,9,216,19.0;
6,9,216,20.0;
6,9,216,21.0;
6,9,216,22.0;
6,9,216,23.0;
6,9,216,24.0;
6,9,216,25.0;
6,9,216,26.0;
6,9,216,27.0;
6,9,216,28.0;
7,634,230,6.0;
7,634,230,6.0;
7,634,230,7.0;
7,634,230,8.0;
7,634,230,9.0;
7,634,230,10.0;
7,634,230,11.0;
7,634,230,12.0;
7,634,230,13.0;
7,634,230,14.0;
7,634,230,15.0;
7,634,230,16.0;
7,634,230,17.0;
7,634,230,18.0;
7,634,230,19.0;
7,634,230,20.0;
7,634,230,21.0;
7,634,230,22.0;
7,634,230,23.0;
7,634,230,24.0;
7,634,230,25.0;
7,634,230,26.0;
7,634,230,27.0;
7,634,230,28.0;
7,634,230,29.0;
7,631.0,237.8,30.0;
7,629.5,242.96,31.0;
7,628.45,246.872,32.0;
7,627.415,249.9104,33.0;
7,626.3905,252.63728,34.0;
7,625.67335,255.446096,35.0;
7,625.171345,258.9122672,36.0;
7,625.1199415,262.53858704,37.0;
7,625.08395905,265.977010928,38.0;
7,625.358771335,269.28390765,39.0;
7,621.951139934,272.798735355,40.0;
7,621.951139934,272.798735355,41.0;
8,272,19,177.0;
8,272,19,177.0;
8,272,19,178.0;
8,272,19,179.0;
8,272,19,180.0;
8,272,19,181.0;
8,272,19,182.0;
8,272,19,183.0;
8,272,19,184.0;
8,272,19,185.0;
8,272,19,186.0;
8,272,19,187.0;
8,272,19,188.0;
8,272,19,189.0;
8,272,19,190.0;
8,271.4,18.7,191.0;
8,271.0,18.5,192.0;
8,270.12,18.51,193.0;
8,269.48,18.49,194.0;
8,268.888,18.929,195.0;
8,268.408,19.219,196.0;
8,266.7496,19.9563,197.0;
8,265.106,20.34055,198.0;
8,263.85432,20.66741,199.0;
8,262.60264,20.99427,200.0;
8,261.35096,21.32113,201.0;
8,260.09928,21.64799,202.0;
8,258.8476,21.97485,203.0;
8,257.59592,22.30171,204.0;
8,256.34424,22.62857,205.0;
8,255.09256,22.95543,206.0;
9,622,106,201.0;
9,622,106,201.0;
9,622.9,106.3,202.0;
9,624.25,106.65,203.0;
9,626.061,106.937,204.0;
9,627.8793,107.4141,205.0;
9,629.78893,107.83361,206.0;
9,631.173201,107.511797,207.0;
9,632.2033605,106.9385145,208.0;
9,633.02737609,106.37346253,209.0;
9,633.68815291,105.94276167,210.0;
9,634.844250811,104.458442567,211.0;
9,635.703086321,103.411469717,212.0;
9,636.561921831,102.364496867,213.0;
9,637.420757341,101.317524017,214.0;
9,638.279592851,100.270551167,215.0;
9,639.138428361,99.223578317,216.0;
9,639.997263871,98.176605467,217.0;
9,640.856099381,97.129632617,218.0;
9,641.714934891,96.082659767,219.0;
9,642.573770401,95.035686917,220.0;
9,643.432605911,93.988714067,221.0;
9,644.291441421,92.941741217,222.0;
9,645.150276931,91.894768367,223.0;
9,646.009112441,90.847795517,224.0;
9,646.867947951,89.800822667,225.0;
9,647.726783461,88.753849817,236.0;
9,648.585618971,87.706876967,237.0;
9,649.444454481,86.659904117,239.0;
9,650.303289991,85.612931267,240.0;
9,651.162125501,84.565958417,254.0;
9,652.020961011,83.518985567,255.0;
9,652.879796521,82.472012717,262.0;
9,653.738632031,81.425039867,263.0;
9,654.597467541,80.378067017,264.0;
10,637,120,207.0;
10,637,120,207.0;
10,637.0,120.6,208.0;
10,632.2,125.5,209.0;
10,630.04,126.25,210.0;
10,630.028,119.875,211.0;
10,626.874,121.10486,212.0;
10,625.44052,124.486318,213.0;
10,625.903236,128.6734918,214.0;
10,627.7322652,129.67144426,215.0;
10,629.01258564,130.070010982,216.0;
10,631.250090644,132.897498889,217.0;
10,632.698069879,134.207542406,218.0;
10,632.427440082,136.46720575,219.0;
10,631.384752974,139.291143728,220.0;
10,631.980812421,139.176851626,221.0;
10,633.699594481,136.866866626,222.0;
10,634.62021787,137.947889703,223.0;
10,635.574510322,140.126811304,224.0;
10,636.313630587,141.648623516,225.0;
10,637.052750852,143.170435728,236.0;
10,637.791871118,144.69224794,237.0;
10,638.530991383,146.214060152,239.0;
10,639.270111648,147.735872364,240.0;
10,640.009231913,149.257684576,254.0;
10,640.748352179,150.779496788,255.0;
10,641.487472444,152.301309,262.0;
10,642.226592709,153.823121212,263.0;
10,642.965712975,155.344933424,264.0;
10,643.70483324,156.866745636,265.0;
10,644.443953505,158.388557848,277.0;
10,645.183073771,159.91037006,278.0;
10,645.922194036,161.432182272,279.0;
10,646.661314301,162.953994484,280.0;
10,647.400434566,164.475806696,281.0;
10,648.139554832,165.997618908,282.0;
10,648.878675097,167.51943112,284.0;
10,649.617795362,169.041243332,289.0;
10,650.356915628,170.563055544,291.0;
10,651.096035893,172.084867756,294.0;
10,651.835156158,173.606679968,301.0;
10,652.574276423,175.12849218,302.0;
10,653.313396689,176.650304391,303.0;
11,267,18,225.0;
11,267,18,225.0;
11,267.6,18.3,236.0;
11,268.3,18.65,237.0;
11,268.574,18.337,239.0;
11,268.8782,17.8141,240.0;
11,275.68022,20.30961,254.0;
11,280.276154,22.316727,255.0;
11,277.7933078,21.6217089,262.0;
11,276.05531546,20.83519623,263.0;
11,275.80990685,21.136077075,264.0;
11,275.021902247,20.7091903087,265.0;
11,274.954925086,20.0257442393,277.0;
11,274.589137353,19.0763209382,278.0;
11,273.331120511,18.5648004457,279.0;
11,271.720539746,18.391500854,280.0;
11,269.471274184,18.4526628606,281.0;
11,267.569154182,18.3292212405,282.0;
11,266.055986893,18.1744964108,284.0;
11,266.094056619,18.3424814393,289.0;
11,271.670920945,20.7075078811,291.0;
11,275.369644661,22.2952555167,294.0;
11,271.358751263,21.6066788617,301.0;
11,269.417756236,22.1082362267,302.0;
11,265.8421824,22.1409669321,303.0;
11,262.620893627,21.8626447248,306.0;
11,262.495539572,21.4824966603,323.0;
11,264.456501012,21.1441646125,324.0;
11,267.295949155,20.0172158664,328.0;
11,274.049093335,21.2616484434,333.0;
11,273.734365335,21.7831539104,337.0;
11,273.814055734,21.5482077373,338.0;
11,275.329513077,21.4935020787,339.0;
11,274.412495789,21.3745563694,340.0;
11,273.091717203,20.6105621162,354.0;
11,276.308234721,20.3639791842,377.0;
11,281.829343504,22.4912581544,382.0;
11,284.580540453,24.143880708,383.0;
11,280.806378317,22.6007164956,384.0;
11,278.899899268,22.0387303262,385.0;
11,275.77829719,21.2339481865,386.0;
11,276.687842758,22.2624436598,389.0;
11,273.998349158,21.7101657733,409.0;
11,270.672661961,20.6962470558,422.0;
11,268.155385021,19.6874283395,424.0;
11,267.305309829,18.6437584901,425.0;
11,267.829887166,17.891926167,426.0;
11,272.847879812,19.8989992627,429.0;
11,276.493515868,21.7292994839,432.0;
11,279.045461108,23.0105096387,433.0;
11,279.045461108,23.0105096387,439.0;
11,279.045461108,23.0105096387,440.0;
11,279.045461108,23.0105096387,441.0;
11,277.231822775,22.7073567471,442.0;
11,277.231822775,22.7073567471,443.0;
11,275.962275943,22.795149723,444.0;
11,274.905582025,23.3647878834,445.0;
11,274.454831577,23.9556291479,446.0;
11,274.00408113,24.5464704124,447.0;
11,273.553330682,25.1373116769,448.0;
11,273.102580235,25.7281529414,449.0;
11,272.651829787,26.3189942059,450.0;
11,272.20107934,26.9098354704,451.0;
11,271.750328892,27.5006767349,452.0;
11,271.299578445,28.0915179994,453.0;
11,270.594179598,25.7776514847,454.0;
11,270.063813641,24.3138526435,455.0;
11,269.533447683,22.8500538024,456.0;
11,269.302157208,20.3703784728,457.0;
11,269.077248097,18.5220884077,458.0;
11,270.09663729,17.3716588397,459.0;
11,271.422369543,16.8507869834,460.0;
11,272.874963523,16.5578941281,461.0;
11,274.280925636,16.8088216559,462.0;
11,275.255223754,16.9590474409,463.0;
11,276.049246463,17.0768879227,464.0;
11,276.89028842,17.1363098831,465.0;
11,277.556852753,17.1916365876,466.0;
11,278.223417086,17.2469632922,467.0;
11,278.889981418,17.3022899967,468.0;
11,279.556545751,17.3576167012,469.0;
11,280.223110084,17.4129434058,470.0;
11,280.889674416,17.4682701103,471.0;
11,281.556238749,17.5235968148,472.0;
11,282.222803082,17.5789235194,473.0;
12,636,113,439.0;
12,636,113,439.0;
12,635.4,113.0,440.0;
12,634.4,113.0,441.0;
12,633.776,112.1,442.0;
12,634.3848,106.85,443.0;
12,635.10568,101.089,444.0;
12,635.441896,97.1397,445.0;
12,635.215284,95.75177,446.0;
12,634.17240744,96.079069,447.0;
12,632.723570632,97.5817985,448.0;
12,630.864093655,99.01205941,449.0;
12,630.238122198,98.569870073,450.0;
12,630.04566641,97.3940778253,451.0;
12,629.586017903,97.313173932,452.0;
12,629.176250084,97.7064425294,453.0;
12,628.300955083,98.8629978864,454.0;
12,627.772541561,99.4662894358,455.0;
12,627.235769183,99.3828974501,456.0;
12,626.273876664,100.176644601,457.0;
12,625.40400892,99.2952154094,458.0;
12,624.211840665,98.5448590556,459.0;
12,622.929147869,97.382996143,460.0;
12,621.369261457,96.6727739148,461.0;
12,619.839717088,96.9601282491,462.0;
12,618.164845798,97.6514133316,463.0;
12,616.624057968,99.2891655116,464.0;
12,614.998961712,100.611123699,465.0;
12,613.829177763,101.152528123,466.0;
12,612.618512534,101.456057288,467.0;
12,611.179726746,101.807458725,468.0;
12,609.167277751,102.354304262,469.0;
12,601.776814099,110.028418654,470.0;
12,596.143769869,115.419893058,471.0;
12,591.600638908,119.793925141,472.0;
12,591.600638908,119.793925141,473.0;
12,591.600638908,119.793925141,474.0;
12,593.820447236,116.255747598,475.0;
12,594.774313065,113.479023319,476.0;
12,592.243605491,112.395367851,477.0;
12,590.903071822,110.165725147,478.0;
12,590.397574294,107.534036695,479.0;
12,589.931126362,105.701441621,480.0;
12,589.687822665,104.452813558,481.0;
12,589.032738703,104.195850318,482.0;
12,587.797379621,104.521029821,483.0;
12,586.038259833,105.387662589,484.0;
12,584.223205196,106.292184666,485.0;
12,582.288741248,107.582749016,486.0;
12,580.270368713,108.673950308,487.0;
12,578.209784228,109.369795951,488.0;
12,576.141313017,109.663322564,489.0;
12,574.086227754,109.955233601,490.0;
12,572.052960791,110.130343045,491.0;
12,570.340561486,110.194515142,492.0;
12,568.993071889,110.17987758,493.0;
12,567.640279023,110.424912374,494.0;
12,566.416242473,110.711654641,495.0;
12,564.722558961,111.247200104,496.0;
12,563.026230865,111.742833537,497.0;
12,561.209467106,112.687251539,498.0;
12,559.277617954,113.85744022,499.0;
12,557.56360176,114.509811425,500.0;
12,555.857216234,114.442588329,501.0;
12,554.078764119,114.329870429,502.0;
12,552.502352263,113.880982094,503.0;
12,550.888950036,113.400549282,504.0;
12,549.154317779,113.327364094,505.0;
12,546.682801093,114.661265724,506.0;
12,544.601223464,115.676321549,507.0;
12,542.379221892,117.528909208,508.0;
12,540.476303319,118.908841903,509.0;
12,538.686830056,119.705305317,510.0;
12,536.906149214,119.967945447,511.0;
12,534.773369146,120.463358103,512.0;
12,532.517936331,121.180316084,513.0;
12,530.560230508,121.494930371,514.0;
12,529.018255315,121.542432476,515.0;
12,527.550002825,121.42800121,516.0;
12,525.684780696,122.152639387,517.0;
12,523.602213323,123.338750526,518.0;
12,521.41940013,124.734897626,519.0;
12,519.527980708,126.14566662,520.0;
12,517.731510848,127.457823935,521.0;
12,515.935294906,128.333597809,522.0;
12,517.386237302,134.737295747,523.0;
12,515.470366112,132.416107023,524.0;
12,513.373564843,131.852503652,525.0;
12,510.722229274,130.015234815,526.0;
12,507.929701744,128.242403214,527.0;
12,504.964163873,127.226592682,528.0;
12,502.192780059,127.758824687,529.0;
12,499.730682308,128.899580191,530.0;
12,497.261930167,130.384512423,531.0;
12,494.951327125,131.636101244,532.0;
12,492.810044369,132.73160466,533.0;
12,490.500314489,133.714869361,534.0;
12,488.21678399,135.23963156,535.0;
12,486.621643073,135.951194186,536.0;
12,484.92673696,136.102358768,537.0;
12,483.136637928,136.500397654,538.0;
12,480.938656608,137.153196041,539.0;
12,478.603736351,138.638932166,540.0;
12,476.279209556,140.684822033,541.0;
12,474.044880066,142.43246663,542.0;
12,471.621986735,143.558706281,543.0;
12,469.243449918,144.344136852,544.0;
12,466.688172322,144.39450239,545.0;
12,464.218292065,144.06013647,546.0;
12,461.918403184,143.597256073,547.0;
12,459.491680583,143.182756471,548.0;
12,456.544878974,145.603120012,549.0;
12,447.933001541,157.021712392,550.0;
12,443.453101078,163.315198674,551.0;
12,445.417170755,158.720639072,552.0;
12,445.892019528,155.80444735,553.0;
12,442.477895879,157.16991947,554.0;
12,439.501733707,157.370404795,555.0;
12,437.404632127,155.06637133,556.0;
12,434.885050889,155.198856044,557.0;
12,427.583972165,162.861344912,558.0;
12,422.008780515,168.602941439,559.0;
12,416.606146361,173.222059007,560.0;
12,412.524302452,176.455441305,561.0;
12,409.667011717,178.718808913,562.0;
12,413.366908202,171.903166239,563.0;
12,411.266259678,171.231751259,564.0;
12,411.160668989,166.315503542,565.0;
12,411.159764266,163.0203739,566.0;
12,410.477718912,161.169804087,567.0;
12,409.111566596,158.209335928,568.0;
12,406.297513985,156.317046418,569.0;
12,401.504290886,159.334932224,570.0;
12,397.128970321,161.397865897,571.0;
12,393.525258521,162.109663621,572.0;
12,391.070612697,162.559757804,573.0;
12,389.337651735,162.966273518,574.0;
12,392.139404145,169.502691203,575.0;
12,389.697582901,166.651883842,576.0;
12,386.888437463,165.790343163,577.0;
12,382.884322277,164.10239116,578.0;
12,378.472093981,162.650516336,579.0;
12,373.8985017,161.968332188,580.0;
12,370.883679581,161.254542696,581.0;
12,368.585622503,161.08863948,582.0;
12,367.106448689,161.532687414,583.0;
12,365.610434694,162.462855529,584.0;
12,363.713953836,163.683407236,585.0;
12,361.606296558,164.709230311,586.0;
12,358.808371378,165.659291352,587.0;
12,362.211356718,172.879909783,588.0;
12,357.347949703,170.515936848,589.0;
12,351.889275699,171.108962594,590.0;
12,345.321206575,170.672726738,591.0;
12,338.799574156,170.333525706,592.0;
12,333.559570721,170.056856445,593.0;
12,329.87968041,170.487138983,594.0;
12,327.810224929,171.121441069,595.0;
12,330.820671378,178.005075559,596.0;
12,328.774469965,178.303552891,597.0;
12,326.142128975,175.512487024,598.0;
12,322.199902488,174.450899585,599.0;
12,315.640281008,181.139176727,600.0;
12,310.348196706,186.797423709,601.0;
12,304.243737694,191.358196596,602.0;
12,303.870616386,186.450737617,603.0;
12,297.00943147,192.015516332,604.0;
12,291.906602029,196.210861433,605.0;
12,293.73462142,190.747603003,606.0;
12,293.17544091,195.271587443,607.0;
12,292.222808637,189.19011121,608.0;
12,289.358505559,184.302491432,609.0;
12,285.94128439,179.106776585,610.0;
12,282.362906594,176.029414358,611.0;
12,278.544659314,174.218443778,612.0;
12,274.244829415,175.167504871,613.0;
12,270.693269024,175.715427816,614.0;
12,267.024145259,177.596253434,615.0;
12,263.543158183,179.534489887,616.0;
12,261.192584293,181.90093493,617.0;
12,258.886190998,182.571901072,618.0;
12,256.164201094,182.578947833,619.0;
12,253.177194463,181.872367583,620.0;
12,249.738400189,181.589867071,621.0;
12,245.600691347,182.138301346,622.0;
12,238.147394645,191.62946619,623.0;
12,233.003176251,198.340626333,624.0;
12,233.002223376,194.938438433,625.0;
12,232.701556363,191.656906903,626.0;
12,228.284825293,192.046341383,627.0;
12,225.357401318,191.512375933,628.0;
12,222.945119549,190.260137538,629.0;
12,220.408510676,188.671248277,630.0;
12,217.721796931,187.646945739,631.0;
12,216.069570032,197.365130425,632.0;
12,213.648699022,195.755591298,633.0;
12,211.054089316,193.128913908,634.0;
12,208.607275686,195.015907077,635.0;
12,203.319168376,195.428487412,636.0;
12,197.254844504,194.428125672,637.0;
12,191.292563565,192.976610423,638.0;
12,187.997619712,191.949843174,639.0;
12,185.733070029,191.687894289,640.0;
12,182.994323999,191.582350398,641.0;
12,180.042101983,191.331834716,642.0;
12,176.957911138,192.905268908,643.0;
12,173.821707369,195.451022139,644.0;
12,170.691789342,197.499378193,645.0;
12,167.299170019,199.976619252,646.0;
12,160.001518992,211.18995324,647.0;
12,160.301063295,209.032967268,648.0;
12,159.910744306,207.823077088,649.0;
12,156.633362784,209.366785485,650.0;
12,153.993354808,209.355897962,651.0;
12,150.716678091,207.577267478,652.0;
12,147.275402826,205.991144863,653.0;
12,143.556683943,205.445218535,654.0;
12,139.309463543,205.543742971,655.0;
12,134.870559598,206.577543483,656.0;
12,130.738427893,208.086310465,657.0;
12,127.372442886,209.728779253,658.0;
12,125.090656132,211.579079169,659.0;
12,123.449284955,212.984686538,660.0;
12,120.873303008,213.475808165,661.0;
12,117.783694335,213.367126153,662.0;
12,114.129752952,212.950811426,663.0;
12,110.069810009,212.770464209,664.0;
12,106.098091359,213.929149073,665.0;
12,102.428425162,214.776433838,666.0;
12,99.1020215491,215.309040508,667.0;
12,96.0527099233,216.126949711,668.0;
12,92.8713908328,218.91197194,669.0;
12,90.3032905256,222.694471684,670.0;
12,88.1862988169,225.932108903,671.0;
12,86.0523457676,228.32283743,672.0;
12,83.9837221605,230.177707674,673.0;
12,80.1695251787,229.970231015,674.0;
12,75.7894983225,229.721784022,675.0;
12,71.1514137191,230.89498986,676.0;
12,66.2347187743,232.359287766,677.0;
12,61.7403427239,233.905879774,678.0;
12,57.8710030274,235.356442557,679.0;
12,54.8777120103,236.636082651,680.0;
12,52.933263918,238.047299614,681.0;
12,51.2217243677,239.385283214,682.0;
12,49.6056138839,240.594380394,683.0;
12,47.9431324031,241.676935913,684.0;
12,45.8669283491,242.667163666,685.0;
12,42.1188527081,243.308228654,686.0;
12,37.489028645,244.487085598,687.0;
12,32.529179722,246.140603231,688.0;
12,27.6340775974,247.850016265,689.0;
12,23.3079602323,249.706283336,690.0;
12,19.9452648474,251.682159228,691.0;
12,18.0763865716,253.431288328,692.0;
12,17.5299542285,254.858665659,693.0;
12,17.866164017,256.294743893,694.0;
12,18.6092388541,258.182314292,695.0;
12,18.7869586608,260.011951999,696.0;
12,18.0818725008,262.193441596,697.0;
12,15.6457374009,264.784780955,698.0;
12,12.1736100208,265.611887948,699.0;
12,8.84408008251,265.695976997,700.0;
12,5.90008249561,265.602112846,701.0;
12,4.01742239809,267.192999581,702.0;
12,3.21860291998,270.273716262,703.0;
12,3.53442725304,274.427751375,704.0;
12,3.97409907713,276.699425962,705.0;
12,4.28186935399,278.889598174,706.0;
12,4.79730854779,281.322718722,707.0;
12,4.55811598345,283.625903105,708.0;
12,4.55811598345,283.625903105,713.0;
12,4.55811598345,283.625903105,715.0;
12,4.55811598345,283.625903105,716.0;
12,4.55811598345,283.625903105,724.0;
12,4.55811598345,283.625903105,725.0;
12,4.55811598345,283.625903105,726.0;
12,4.55811598345,283.625903105,727.0;
12,4.55811598345,283.625903105,732.0;
12,4.55811598345,283.625903105,734.0;
12,4.55811598345,283.625903105,735.0;
12,4.55811598345,283.625903105,736.0;
12,4.55811598345,283.625903105,737.0;
12,4.55811598345,283.625903105,738.0;
12,4.55811598345,283.625903105,740.0;
12,4.55811598345,283.625903105,742.0;
12,4.55811598345,283.625903105,743.0;
12,4.55811598345,283.625903105,756.0;
12,4.55811598345,283.625903105,758.0;
12,4.55811598345,283.625903105,766.0;
12,4.55811598345,283.625903105,767.0;
12,4.55811598345,283.625903105,769.0;
12,4.55811598345,283.625903105,778.0;
13,636,76,454.0;
13,636,76,454.0;
13,636,76,455.0;
13,636,76,456.0;
13,636,76,457.0;
13,636,76,458.0;
13,633.9,76.0,459.0;
13,632.5,76.0,460.0;
13,631.1,76.0,461.0;
13,629.7,76.0,462.0;
13,628.3,76.0,463.0;
13,626.9,76.0,464.0;
13,625.5,76.0,465.0;
13,624.1,76.0,466.0;
13,622.7,76.0,467.0;
13,621.3,76.0,468.0;
13,619.9,76.0,469.0;
13,615.05,83.5,470.0;
13,612.335,89.05,471.0;
13,609.8345,93.235,472.0;
13,607.78415,96.1645,473.0;
13,605.748905,98.51515,474.0;
13,604.0242335,94.160605,475.0;
13,602.21696345,91.4124235,476.0;
13,596.35163147,92.9266785,477.0;
13,590.48629949,94.4409335,478.0;
13,584.62096751,95.9551885,479.0;
13,578.75563553,97.4694435,480.0;
13,572.89030355,98.9836985,481.0;
13,568.217480099,111.14856745,482.0;
13,567.552236069,118.903997215,483.0;
13,566.786565249,124.032798051,484.0;
13,566.786565249,124.032798051,485.0;
13,566.786565249,124.032798051,486.0;
13,566.786565249,124.032798051,487.0;
13,566.786565249,124.032798051,488.0;
13,566.786565249,124.032798051,489.0;
14,271,18,478.0;
14,271,18,478.0;
14,271,18,479.0;
14,271.6,17.7,480.0;
14,272.0,17.65,481.0;
14,272.32,17.59,482.0;
14,272.64,17.53,483.0;
14,272.96,17.47,484.0;
14,273.28,17.41,485.0;
14,272.52,18.745,486.0;
14,272.056,19.627,487.0;
14,271.592,20.509,488.0;
14,270.4896,20.6737,489.0;
14,269.6928,20.9011,490.0;
14,268.3272,19.88995,491.0;
14,267.217392,18.272319,492.0;
14,266.341968,17.108061,493.0;
14,265.466544,15.943803,494.0;
14,264.59112,14.779545,495.0;
14,263.715696,13.615287,496.0;
14,262.840272,12.451029,497.0;
14,261.964848,11.286771,498.0;
14,261.089424,10.122513,499.0;
14,260.214,8.958255,500.0;
14,259.338576,7.793997,501.0;
14,258.463152,6.629739,502.0;
14,257.587728,5.465481,503.0;
14,256.712304,4.301223,504.0;
14,255.83688,3.136965,505.0;
14,254.961456,1.972707,506.0;
14,254.086032,0.808449,507.0;
14,253.210608,-0.355809,508.0;
15,266,17,517.0;
15,266,17,517.0;
15,266,17,518.0;
15,266,17,519.0;
15,266,17,520.0;
15,266,17,521.0;
15,266,17,522.0;
15,266,17,523.0;
15,266,17,524.0;
15,266,17,525.0;
15,266,17,526.0;
15,266,17,527.0;
15,266,17,528.0;
15,266,17,529.0;
15,266,17,530.0;
15,266,17,531.0;
15,266,17,532.0;
15,266,17,533.0;
15,266,17,534.0;
15,266,17,535.0;
15,266,17,536.0;
15,266,17,537.0;
15,266,17,538.0;
15,266,17,539.0;
15,266,17,540.0;
15,271.7,19.7,541.0;
15,271.7,19.7,542.0;
16,637,9,534.0;
16,637,9,534.0;
16,636.7,8.4,535.0;
16,636.35,8.0,536.0;
16,636.363,6.876,537.0;
16,636.5359,5.4588,538.0;
16,636.75339,3.98588,539.0;
16,636.939303,2.904716,540.0;
16,637.0591955,2.024038,541.0;
16,637.1584921,1.3208692,542.0;
16,637.2577887,0.6177004,543.0;
16,636.94995971,0.84017212,544.0;
16,636.75797993,0.89473076,545.0;
16,634.896200105,1.56450258,546.0;
16,634.640591376,2.3128041284,547.0;
16,634.301281042,2.8721770316,548.0;
16,634.573379496,3.60208495436,549.0;
16,634.709537088,4.16327328996,550.0;
16,634.845694679,4.72446162556,551.0;
16,635.58729659,4.29995497281,552.0;
16,636.099852209,4.09177564906,553.0;
16,636.612407828,3.88359632531,554.0;
16,637.124963447,3.67541700156,555.0;
16,637.637519066,3.4672376778,556.0;
16,638.150074685,3.25905835405,557.0;
16,638.662630304,3.0508790303,558.0;
16,639.175185923,2.84269970655,559.0;
16,639.687741542,2.6345203828,560.0;
16,640.200297161,2.42634105904,561.0;
16,640.71285278,2.21816173529,562.0;
16,641.225408399,2.00998241154,563.0;
16,640.316574813,1.86126216145,564.0;
16,638.945318553,1.81405065942,565.0;
16,637.671632224,1.83595904684,566.0;
16,636.691062145,1.84411198802,567.0;
16,635.710492066,1.8522649292,568.0;
16,634.729921986,1.86041787038,569.0;
16,633.749351907,1.86857081156,570.0;
16,632.768781828,1.87672375274,571.0;
16,631.788211749,1.88487669392,572.0;
16,630.80764167,1.8930296351,573.0;
17,628,2,547.0;
17,628,2,547.0;
17,627.7,2.0,548.0;
17,627.05,2.0,549.0;
17,626.59,2.0,550.0;
17,626.13,2.0,551.0;
17,625.67,2.0,552.0;
17,625.21,2.0,553.0;
17,624.75,2.0,554.0;
17,624.29,2.0,555.0;
17,623.83,2.0,556.0;
17,623.37,2.0,557.0;
17,622.91,2.0,558.0;
17,622.45,2.0,559.0;
17,621.99,2.0,560.0;
17,621.53,2.0,561.0;
17,621.07,2.0,562.0;
17,620.61,2.0,563.0;
17,620.15,2.0,564.0;
17,619.69,2.0,565.0;
17,619.23,2.0,566.0;
17,618.77,2.0,567.0;
17,618.31,2.0,568.0;
17,617.85,2.0,569.0;
17,617.39,2.0,570.0;
17,616.93,2.0,571.0;
17,616.47,2.0,572.0;
17,616.01,2.0,573.0;
18,277,16,574.0;
18,277,16,574.0;
18,277,16,575.0;
18,276.1,16.3,576.0;
18,275.35,16.35,577.0;
18,273.039,17.787,578.0;
18,271.421,18.753,579.0;
18,269.803,19.719,580.0;
18,268.185,20.685,581.0;
18,266.567,21.651,582.0;
18,264.949,22.617,583.0;
18,263.331,23.583,584.0;
18,261.713,24.549,585.0;
18,260.095,25.515,586.0;
18,266.7339,26.3367,587.0;
18,266.7339,26.3367,588.0;
18,272.21373,26.23569,589.0;
18,276.049611,26.164983,590.0;
18,278.7347277,26.1154881,591.0;
18,280.31430939,26.08084167,592.0;
18,281.420016573,26.056589169,593.0;
18,281.420016573,26.056589169,594.0;
18,281.420016573,26.056589169,595.0;
18,281.420016573,26.056589169,596.0;
18,281.420016573,26.056589169,597.0;
18,281.420016573,26.056589169,598.0;
18,281.420016573,26.056589169,599.0;
18,281.420016573,26.056589169,600.0;
18,281.420016573,26.056589169,601.0;
18,281.420016573,26.056589169,602.0;
18,281.420016573,26.056589169,603.0;
18,281.420016573,26.056589169,604.0;
18,281.420016573,26.056589169,605.0;
18,281.420016573,26.056589169,606.0;
18,281.420016573,26.056589169,607.0;
19,260,19,620.0;
19,260,19,620.0;
19,259.4,18.4,621.0;
19,259.0,18.0,622.0;
19,258.6,17.6,623.0;
19,258.2,17.2,624.0;
19,257.8,16.8,625.0;
19,265.38,19.28,626.0;
19,267.966,20.096,627.0;
19,266.4762,18.8672,628.0;
19,266.33334,18.60704,629.0;
19,273.87483,21.06192,630.0;
19,271.812381,20.743344,631.0;
19,274.7553894,21.8763424,632.0;
19,277.6983978,23.0093408,633.0;
19,280.6414062,24.1423392,634.0;
19,283.5844146,25.2753376,635.0;
19,286.527423,26.408336,636.0;
19,289.4704314,27.5413344,637.0;
19,292.4134398,28.6743328,638.0;
19,295.3564482,29.8073312,639.0;
19,298.2994566,30.9403296,640.0;
19,301.242465,32.073328,641.0;
19,304.1854734,33.2063264,642.0;
19,307.1284818,34.3393248,643.0;
19,310.0714902,35.4723232,644.0;
19,313.0144986,36.6053216,645.0;
19,315.957507,37.73832,646.0;
19,318.9005154,38.8713184,647.0;
19,321.8435238,40.0043168,648.0;
19,324.7865322,41.1373152,649.0;
19,327.7295406,42.2703136,650.0;
19,330.672549,43.403312,651.0;
20,272,18,649.0;
20,272,18,649.0;
20,272.3,18.0,650.0;
20,272.5,18.0,651.0;
20,272.79,17.7,652.0;
20,273.01,17.5,653.0;
20,273.23,17.3,654.0;
20,273.45,17.1,655.0;
20,273.67,16.9,656.0;
20,273.89,16.7,657.0;
20,274.11,16.5,658.0;
20,274.33,16.3,659.0;
20,274.55,16.1,660.0;
20,274.77,15.9,661.0;
20,274.99,15.7,662.0;
20,275.21,15.5,663.0;
20,275.43,15.3,664.0;
20,275.65,15.1,665.0;
20,276.209,15.53,666.0;
20,275.2277,16.453,667.0;
20,273.83897,17.0721,668.0;
20,272.283149,17.40005,669.0;
20,270.1782705,17.179689,670.0;
20,268.6188403,17.070811,671.0;
20,267.0594101,16.961933,672.0;
20,265.4999799,16.853055,673.0;
20,263.9405497,16.744177,674.0;
20,267.96678365,14.9447093,675.0;
20,270.44301559,13.7305471,676.0;
20,272.343473271,13.86146943,677.0;
20,273.940609317,13.78686269,678.0;
20,275.537745363,13.71225595,679.0;
20,277.694416986,12.846354447,680.0;
20,279.241604679,11.8813974491,681.0;
20,281.84521257,15.6118581935,682.0;
20,278.723477721,18.0018330801,683.0;
20,273.627201998,19.3397424157,684.0;
20,274.190215074,22.1406386156,685.0;
20,274.956046477,20.2125744475,686.0;
20,271.416339979,18.837589157,687.0;
20,269.12265135,17.7854631621,688.0;
20,269.580273905,15.0133360171,689.0;
20,269.579530458,13.0249677878,690.0;
20,269.578787011,11.0365995584,691.0;
21,268,19,713.0;
21,268,19,713.0;
21,268.3,18.7,715.0;
21,268.95,18.35,716.0;
21,268.987,19.263,724.0;
21,269.3511,19.5859,725.0;
21,268.82371,19.91439,726.0;
21,267.154207,20.420603,727.0;
21,270.1991915,20.8547255,732.0;
21,275.35259303,21.13560547,734.0;
21,275.35259303,21.13560547,735.0;
21,278.246815121,21.694923829,736.0;
21,278.246815121,21.694923829,737.0;
21,280.572770585,21.7864466803,738.0;
21,280.572770585,21.7864466803,740.0;
21,280.572770585,21.7864466803,742.0;
21,280.572770585,21.7864466803,743.0;
21,279.800939409,20.6505126762,756.0;
21,279.800939409,20.6505126762,758.0;
21,279.800939409,20.6505126762,766.0;
21,279.800939409,20.6505126762,767.0;
21,279.800939409,20.6505126762,769.0;
21,281.360657587,22.2553588733,778.0;
21,282.152460311,23.3787512113,781.0;
21,282.152460311,23.3787512113,796.0;
21,282.152460311,23.3787512113,797.0;
21,282.152460311,23.3787512113,798.0;
21,282.152460311,23.3787512113,799.0;
21,282.152460311,23.3787512113,800.0;
21,282.152460311,23.3787512113,801.0;
21,282.152460311,23.3787512113,802.0;
21,282.152460311,23.3787512113,803.0;
21,282.152460311,23.3787512113,804.0;
21,282.152460311,23.3787512113,805.0;
21,282.152460311,23.3787512113,806.0;
21,282.152460311,23.3787512113,807.0;
21,282.152460311,23.3787512113,808.0;
21,282.152460311,23.3787512113,809.0;
21,282.152460311,23.3787512113,810.0;
22,268,19,734.0;
22,268,19,734.0;
22,268.3,19.0,735.0;
22,268.65,18.7,736.0;
22,269.237,18.65,737.0;
22,269.7641,18.413,738.0;
22,270.42061,18.1729,740.0;
22,271.238897,17.99349,742.0;
22,272.4950245,18.194713,743.0;
22,273.4139279,18.309675,756.0;
22,274.83298191,18.2972459,758.0;
22,275.331076859,18.81300167,766.0;
22,275.263930047,19.410444467,767.0;
22,274.59770602,20.1982968719,769.0;
22,274.156024286,20.7827671885,778.0;
22,273.714342551,21.3672375051,781.0;
22,271.690862571,21.0661954752,796.0;
22,270.28298502,20.9434301641,797.0;
22,268.875107469,20.8206648531,798.0;
22,267.467229918,20.697899542,799.0;
22,266.059352367,20.5751342309,800.0;
22,264.651474816,20.4523689199,801.0;
22,263.243597266,20.3296036088,802.0;
22,261.835719715,20.2068382978,803.0;
22,260.427842164,20.0840729867,804.0;
22,259.019964613,19.9613076756,805.0;
22,257.612087062,19.8385423646,806.0;
22,256.204209511,19.7157770535,807.0;
22,254.79633196,19.5930117425,808.0;
22,253.388454409,19.4702464314,809.0;
22,251.980576858,19.3474811203,810.0;
22,250.572699307,19.2247158093,811.0;
22,254.215375229,19.3713653488,812.0;
22,256.456108837,19.4527630003,813.0;
22,258.696842445,19.5341606518,814.0;
22,260.937576053,19.6155583033,815.0;
22,263.178309661,19.6969559548,816.0;
22,265.419043269,19.7783536063,817.0;
22,267.659776877,19.8597512578,818.0;
23,637,25,797.0;
23,637,25,797.0;
23,636.4,25.0,798.0;
23,635.1,25.0,799.0;
23,633.826,23.2,800.0;
23,632.5978,21.7,801.0;
23,631.45458,19.478,802.0;
23,630.996186,16.9894,803.0;
23,631.300477,15.37854,804.0;
23,631.91275594,14.338038,805.0;
23,631.938315602,13.327467,806.0;
23,631.108666956,12.67640582,807.0;
23,629.195810306,12.095946046,808.0;
23,626.393699902,11.4459426006,809.0;
23,623.942156102,10.965995595,810.0;
23,622.324330987,10.7060664172,811.0;
23,620.994022866,10.6369288091,812.0;
23,620.250604373,10.9926102583,813.0;
23,619.72913288,11.7537132026,814.0;
23,618.907534295,12.5039654188,815.0;
23,617.611480171,12.1530756509,816.0;
23,616.166705017,11.3967777117,817.0;
23,617.154287626,8.8100886607,818.0;
23,618.367219105,5.81091974035,819.0;
23,618.870983765,3.40054601246,820.0;
23,618.626636196,1.94659476161,821.0;
23,617.466876147,1.40626742311,822.0;
23,616.680032458,0.882935119346,823.0;
23,615.89318877,0.359602815582,824.0;
23,615.106345081,-0.163729488181,825.0;
23,614.319501393,-0.687061791944,826.0;
23,613.532657704,-1.21039409571,827.0;
23,612.745814016,-1.73372639947,828.0;
23,611.958970327,-2.25705870323,829.0;
23,611.172126639,-2.780391007,830.0;
23,610.38528295,-3.30372331076,831.0;
23,609.598439262,-3.82705561452,832.0;
23,602.868116901,-1.8452715428,833.0;
23,598.276322836,-0.593859802153,834.0;
23,593.68452877,0.657551938493,835.0;
23,589.092734705,1.90896367914,836.0;
23,584.500940639,3.16037541979,837.0;
23,579.909146574,4.41178716043,838.0;
23,575.317352509,5.66319890108,839.0;
23,570.725558443,6.91461064173,840.0;
23,566.133764378,8.16602238237,841.0;
23,561.541970312,9.41743412302,842.0;
23,556.950176247,10.6688458637,843.0;
23,554.950867527,9.84418032302,844.0;
23,554.804029087,7.82288073627,845.0;
23,554.912751998,5.69700397626,846.0;
23,554.056321308,4.06529195683,847.0;
23,552.442076582,3.13455731717,848.0;
23,550.603159624,2.5383610165,849.0;
23,548.556544625,2.32451722383,850.0;
23,547.005738623,2.38039022174,851.0;
23,545.765421743,2.38968234703,852.0;
23,544.525104863,2.39897447231,853.0;
23,543.284787983,2.4082665976,854.0;
23,542.044471103,2.41755872288,855.0;
24,637,6,799.0;
24,637,6,799.0;
24,637,6,800.0;
24,637,6,801.0;
24,637,6,802.0;
24,637,6,803.0;
24,634.3,5.4,804.0;
24,630.55,4.4,805.0;
24,627.81,3.68,806.0;
24,625.07,2.96,807.0;
24,622.33,2.24,808.0;
24,619.59,1.52,809.0;
24,616.85,0.8,810.0;
24,614.11,0.08,811.0;
24,611.37,-0.64,812.0;
24,608.63,-1.36,813.0;
24,605.89,-2.08,814.0;
24,603.15,-2.8,815.0;
24,600.41,-3.52,816.0;
24,597.67,-4.24,817.0;
24,598.851,-0.172,818.0;
24,600.9911,5.0108,819.0;
24,600.99377,6.50756,820.0;
24,600.095639,7.555292,821.0;
24,598.8669473,7.9887044,822.0;
24,598.90686311,7.99209308,823.0;
24,598.652321907,10.219085196,824.0;
24,598.300175137,11.14923863,825.0;
24,597.724927411,11.4113225092,826.0;
24,596.914307557,11.1911456292,827.0;
24,595.622640474,10.4581487128,828.0;
24,593.877420384,9.36855177428,829.0;
24,592.111967834,8.4025540274,830.0;
24,589.934202769,7.45693124202,831.0;
24,586.411761613,6.50858035928,832.0;
24,582.092136546,6.14527297154,833.0;
24,578.909191006,5.5640498618,834.0;
24,576.850351843,5.09191195628,835.0;
24,575.696310432,4.80361762055,836.0;
24,575.38900653,4.9932322112,837.0;
24,575.635774647,5.66117600706,838.0;
24,575.828663384,6.0833187709,839.0;
24,575.381228597,6.29805583822,840.0;
24,574.471545681,6.04081407798,841.0;
24,572.979521371,5.32614703197,842.0;
24,570.729312201,4.58113525789,843.0;
24,569.659573894,4.01283349736,844.0;
24,568.72718747,3.55892543164,845.0;
24,567.794801046,3.10501736591,846.0;
24,567.503690236,2.45577651013,847.0;
24,567.429708721,2.27369973826,848.0;
24,566.636554805,2.36057481407,849.0;
24,565.466884363,2.87547540486,850.0;
24,564.130478981,3.45619613044,851.0;
24,562.488167432,3.92278874285,852.0;
24,560.881549432,4.20415553266,853.0;
24,558.8526405,4.00864049646,854.0;
24,556.634764968,3.33690554711,855.0;
24,554.953879683,2.87591219032,859.0;
24,551.391096079,2.59044318347,863.0;
24,548.791788972,2.33866473134,864.0;
24,546.192481864,2.0868862792,865.0;
24,543.593174757,1.83510782706,866.0;
24,540.993867649,1.58332937492,867.0;
24,538.394560542,1.33155092279,871.0;
25,274,19,827.0;
25,274,19,827.0;
25,274,19,828.0;
25,274,19,829.0;
25,274,19,830.0;
25,274,19,831.0;
25,274,19,832.0;
25,274,19,833.0;
25,274,19,834.0;
25,274,19,835.0;
25,274,19,836.0;
25,274,19,837.0;
25,274,19,838.0;
25,274,19,839.0;
25,274,19,840.0;
25,274,19,841.0;
25,274,19,842.0;
25,274,19,843.0;
25,274,19,844.0;
25,274,19,845.0;
25,274,19,846.0;
25,273.4,18.4,847.0;
25,273.0,18.0,848.0;
25,271.82,18.02,849.0;
25,270.986,17.686,850.0;
25,270.318,17.458,851.0;
25,269.65,17.23,852.0;
25,268.982,17.002,853.0;
25,268.314,16.774,854.0;
26,269,18,859.0;
26,269,18,859.0;
26,273.8,20.4,863.0;
26,277.16,22.08,864.0;
26,279.212,23.256,865.0;
26,280.6484,24.0792,866.0;
26,281.65388,24.65544,867.0;
26,276.357716,22.358808,871.0;
26,279.1497892,23.8095096,912.0;
26,282.234405,25.19143,913.0;
26,282.280844548,24.975533624,918.0;
26,278.833831112,24.0809929112,933.0;
26,275.806707499,24.8389919551,956.0;
26,277.241774326,25.4853335114,958.0;
26,280.322550424,25.9810980699,959.0;
26,282.462745613,26.3766296065,960.0;
26,284.722058561,26.5405128001,961.0;
26,286.059538586,26.4917540605,962.0;
26,287.190067668,26.4808473009,963.0;
26,287.024417725,26.3289583789,964.0;
26,287.064721641,26.2262448629,965.0;
26,287.105025557,26.1235313469,966.0;
26,287.145329472,26.020817831,967.0;
26,287.185633388,25.918104315,968.0;
26,287.225937303,25.8153907991,969.0;
26,287.266241219,25.7126772831,970.0;
26,287.306545135,25.6099637671,971.0;
26,287.34684905,25.5072502512,972.0;
26,287.387152966,25.4045367352,973.0;
26,287.427456882,25.3018232192,974.0;
26,287.467760797,25.1991097033,975.0;
26,287.508064713,25.0963961873,976.0;
26,287.548368629,24.9936826713,977.0;
26,287.588672544,24.8909691554,978.0;
26,287.62897646,24.7882556394,979.0;
26,287.669280375,24.6855421235,980.0;
26,287.709584291,24.5828286075,981.0;
26,287.749888207,24.4801150915,982.0;
26,287.790192122,24.3774015756,983.0;
26,287.830496038,24.2746880596,984.0;
26,287.870799954,24.1719745436,985.0;
26,287.911103869,24.0692610277,986.0;
27,635,204,958.0;
27,635,204,958.0;
27,634.4,204.0,959.0;
27,633.1,204.3,960.0;
27,631.526,204.65,961.0;
27,629.9478,205.237,962.0;
27,628.81758,205.7641,963.0;
27,626.732086,207.92061,964.0;
27,625.453867,210.488897,965.0;
27,624.4000842,212.400035,966.0;
27,623.3463014,214.311173,967.0;
27,622.2925186,216.222311,968.0;
27,621.2387358,218.133449,969.0;
27,624.3294671,219.1312109,970.0;
27,626.24945026,220.0512039,971.0;
27,628.16943342,220.9711969,972.0;
27,630.08941658,221.8911899,973.0;
27,632.00939974,222.8111829,974.0;
27,633.9293829,223.7311759,975.0;
27,630.794556242,216.95581823,976.0;
27,625.672468691,208.493105195,977.0;
27,621.109257802,201.585778545,978.0;
27,618.005452676,197.005373199,979.0;
27,617.12590411,193.458949174,980.0;
27,617.640621844,191.013624934,981.0;
27,618.502302096,189.600700877,982.0;
27,619.374244492,188.873281177,983.0;
27,620.036040951,188.226961485,984.0;
27,620.69783741,187.580641792,985.0;
27,621.35963387,186.934322099,986.0;
27,622.021430329,186.288002407,987.0;
27,619.778258752,187.2491779,988.0;
27,618.371050561,187.803785603,989.0;
27,616.963842371,188.358393306,990.0;
27,615.556634181,188.913001009,991.0;
27,614.149425991,189.467608712,992.0;
27,612.742217801,190.022216415,993.0;
27,611.33500961,190.576824118,994.0;
27,606.349460994,192.892002275,995.0;
27,600.786693911,195.256581451,996.0;
27,595.827003927,197.634034613,997.0;
27,591.674556515,199.920559384,998.0;
27,588.273801271,201.781667816,999.0;
27,585.098190003,202.580654906,1000.0;
27,581.834318293,202.9171174,1001.0;
27,575.329627379,207.367085873,1002.0;
27,571.930739165,209.956960111,1003.0;
27,570.151517416,211.769872078,1004.0;
27,570.706062191,210.338910455,1005.0;
27,567.699699486,211.19839768,1006.0;
27,566.274214504,210.888127129,1007.0;
27,566.184647144,209.363462567,1008.0;
27,566.866481164,207.035150145,1009.0;
27,567.203023113,205.242156151,1010.0;
27,566.738700595,204.475118915,1011.0;
27,562.42661783,214.342047145,1012.0;
27,561.098632481,212.739433001,1013.0;
27,558.669042737,220.017603101,1014.0;
27,556.068329916,217.912322171,1015.0;
27,553.647830941,216.43862552,1016.0;
27,551.353481659,216.007037864,1017.0;
27,545.194277629,217.244617206,1018.0;
27,541.394611188,217.354061164,1019.0;
27,539.644199073,216.803293878,1020.0;
27,538.936476529,216.026007789,1021.0;
27,539.076668007,215.023965555,1022.0;
27,539.055241553,214.496590859,1023.0;
27,538.428879935,214.632147406,1024.0;
27,536.806608646,215.663700747,1025.0;
27,534.268418476,217.448808423,1026.0;
27,530.797243177,219.411778532,1027.0;
27,526.366101784,221.223979375,1028.0;
27,521.54947614,223.040577209,1029.0;
27,517.329301983,224.607321922,1030.0;
27,514.320385939,225.586795262,1031.0;
27,512.512092611,226.282733564,1032.0;
27,510.986304268,227.198948286,1033.0;
27,510.135423686,227.620301977,1034.0;
27,509.283720402,227.694981529,1035.0;
27,508.432999258,227.556106881,1036.0;
27,507.544015611,226.733749289,1037.0;
27,506.004740709,226.122454222,1038.0;
27,503.72151418,226.048290887,1039.0;
27,500.835313637,226.854203789,1040.0;
27,497.281859787,227.863422029,1041.0;
27,492.938642087,230.224094516,1042.0;
27,488.282393232,232.827806534,1043.0;
27,484.221471633,235.150655566,1044.0;
27,481.329772913,236.672280576,1045.0;
27,479.584680672,237.349597632,1046.0;
27,478.375412043,237.377999799,1047.0;
27,477.260614479,237.335625065,1048.0;
27,476.268568079,237.524632697,1049.0;
27,475.643194394,237.45407247,1050.0;
27,474.485754588,237.5964999,1051.0;
27,473.151292104,238.081169287,1052.0;
27,470.904657166,239.491480129,1053.0;
27,467.691330737,241.233469367,1054.0;
27,463.432121946,242.668281305,1055.0;
27,458.694613316,243.858022851,1056.0;
27,454.181009022,244.861192175,1057.0;
27,450.486328271,245.459057031,1058.0;
27,447.6908617,245.974506523,1059.0;
27,445.605776379,246.569786542,1060.0;
27,443.94062674,247.314998852,1061.0;
27,442.42357999,247.910418044,1062.0;
27,440.863903013,248.2671441,1063.0;
27,439.465869122,248.397453225,1064.0;
27,437.961844172,248.067088497,1065.0;
27,436.269510715,247.60464124,1066.0;
27,433.791731193,247.788464054,1067.0;
27,430.478324551,248.506404175,1068.0;
27,426.218452448,249.896785558,1069.0;
27,421.536126434,251.822234887,1070.0;
27,416.794630993,254.066705441,1071.0;
27,412.512789488,256.126265536,1072.0;
27,409.121632978,257.50679015,1073.0;
27,406.590960759,258.148118495,1074.0;
27,404.680134518,258.508751559,1075.0;
27,403.093236849,258.57843067,1076.0;
27,401.880332573,258.767058998,1077.0;
27,400.63221971,258.933255522,1078.0;
27,399.468899382,259.04367914,1079.0;
27,397.795526159,259.694159789,1080.0;
27,395.191600353,260.697947408,1081.0;
27,391.70358581,262.198602148,1082.0;
27,387.287365355,263.507332244,1083.0;
27,382.199566908,264.668314715,1084.0;
27,376.758512382,265.704703072,1085.0;
27,372.134308628,266.661857754,1086.0;
27,368.649834282,267.285781359,1087.0;
27,365.889571735,268.160875425,1088.0;
27,364.072536058,268.869100491,1089.0;
27,362.696136704,269.599740401,1090.0;
27,361.404357522,270.112966246,1091.0;
27,360.275828225,270.071001495,1092.0;
27,358.97213648,269.469040846,1093.0;
27,357.089313618,269.049992263,1094.0;
27,353.991711275,269.402327068,1095.0;
27,349.719209031,270.615029521,1096.0;
27,344.599613426,272.514235219,1097.0;
27,339.036740397,275.124089253,1098.0;
27,333.671978997,277.633344307,1099.0;
27,329.072998074,279.993857617,1100.0;
27,325.318589258,281.87734209,1101.0;
27,322.533287114,282.663984452,1102.0;
27,320.794863263,282.971868217,1103.0;
27,319.534681459,282.891597389,1104.0;
27,318.349962469,282.914830404,1105.0;
27,317.295529593,282.649984988,1106.0;
27,316.028209488,282.932675458,1107.0;
27,314.151175762,283.968486502,1108.0;
27,311.340731178,285.676734196,1109.0;
27,307.698292104,287.837402014,1110.0;
27,302.896970276,290.209651468,1111.0;
27,297.43501778,292.303601781,1112.0;
27,291.72321976,293.957277493,1113.0;
27,286.656575731,294.594443744,1114.0;
27,282.788545385,294.836701471,1115.0;
27,280.377426591,295.054823415,1116.0;
27,278.549069153,295.462717616,1117.0;
27,277.042431007,296.130831789,1118.0;
27,275.887681584,296.73095946,1119.0;
27,274.970224695,297.136981497,1120.0;
27,273.564190417,297.328738648,1121.0;
27,271.470121712,297.650650604,1122.0;
27,268.455211593,298.221752143,1123.0;
27,264.368506912,299.643913447,1124.0;
27,259.144140493,301.652906281,1125.0;
27,253.381018771,303.988186635,1126.0;
27,247.514605726,306.419015108,1127.0;
27,242.415616932,308.491335125,1128.0;
27,238.292122805,310.084087202,1129.0;
27,235.307014165,311.254165692,1130.0;
27,233.215529643,311.843326567,1131.0;
27,231.948260604,312.253991749,1132.0;
27,230.912042185,312.717926397,1133.0;
27,229.754628902,313.351068936,1134.0;
27,228.310273949,313.874350835,1135.0;
27,226.260763949,314.800057481,1136.0;
27,223.325239722,316.230438258,1137.0;
27,219.616783827,317.791537546,1138.0;
27,214.799684731,318.979953385,1139.0;
27,209.654191207,319.350678375,1140.0;
27,204.32262512,318.907107992,1141.0;
27,199.57306558,318.162860499,1142.0;
27,195.604315187,318.043738174,1143.0;
27,192.624693018,318.525657746,1144.0;
27,190.453684419,319.778861693,1145.0;
27,188.479961654,321.658151863,1146.0;
27,186.649886876,323.919434874,1147.0;
27,184.556074413,326.026700293,1148.0;
27,182.378960086,327.759826851,1149.0;
27,179.90124644,329.392822743,1150.0;
27,176.819402724,330.465166529,1151.0;
27,172.860525535,331.244735752,1152.0;
27,167.83981767,331.617663221,1153.0;
27,162.269868671,331.665910166,1154.0;
27,156.840531378,331.819791812,1155.0;
27,151.861564335,331.952819663,1156.0;
27,147.689336064,332.339582147,1157.0;
27,144.273660856,332.72787778,1158.0;
27,141.089730916,333.316075111,1159.0;
27,138.423400112,334.123286088,1160.0;
27,135.620170833,335.103269852,1161.0;
27,132.42911802,335.885210598,1162.0;
27,123.410557759,336.652942661,1163.0;
27,118.553418996,337.173107524,1164.0;
27,115.22953235,337.419391891,1165.0;
27,112.628477417,337.448269245,1166.0;
27,110.068482526,337.347890559,1167.0;
27,107.45707993,337.20122695,1168.0;
27,104.415853695,337.366776322,1169.0;
27,101.184645042,337.924122126,1170.0;
27,97.907160486,338.515964024,1171.0;
27,94.675907408,339.27324484,1172.0;
27,91.2306697583,340.486278439,1173.0;
27,87.5213625373,341.85914486,1174.0;
27,87.4885962338,343.224572392,1175.0;
27,87.9632120831,344.490822988,1176.0;
27,87.5585618171,345.632309345,1177.0;
27,85.7267315957,346.667141275,1178.0;
27,82.5319564568,347.633190424,1179.0;
27,77.7645737003,348.269548438,1180.0;
27,71.7960501945,348.555826331,1181.0;
27,66.3467039808,348.871627106,1182.0;
27,61.484927066,349.381852492,1183.0;
27,57.1762509566,349.82829706,1184.0;
27,53.2575670866,350.422948783,1185.0;
27,49.5361366769,350.905987064,1186.0;
27,45.5527401115,351.200931865,1187.0;
27,40.5583256058,351.313858668,1188.0;
27,35.0762888252,351.595494425,1189.0;
27,29.4465131335,351.858381898,1190.0;
27,23.5977453314,352.042419589,1191.0;
27,18.1870215761,352.434451603,1192.0;
27,13.3883906633,352.801032114,1193.0;
27,9.74017577971,353.058048851,1194.0;
27,7.16472974217,353.186885522,1195.0;
27,5.33965022818,353.510443822,1196.0;
27,3.88929664102,354.118921076,1197.0;
27,2.20588150554,354.988748859,1198.0;
27,0.928056911767,355.626825306,1217.0;
27,-0.34976768201,356.264901752,1220.0;
27,-1.62759227579,356.902978199,1222.0;
27,-2.90541686956,357.541054645,1223.0;
27,-4.18324146334,358.179131092,1224.0;
28,635,196,964.0;
28,635,196,964.0;
28,635.0,195.7,965.0;
28,634.7,195.35,966.0;
28,634.35,193.863,967.0;
28,634.063,191.6859,968.0;
28,633.8859,190.06839,969.0;
28,634.71639,192.144803,970.0;
28,633.975203,193.5499455,971.0;
28,631.8865855,195.05383947,972.0;
28,632.10644747,197.642021831,973.0;
28,632.941893831,199.964478277,974.0;
28,633.944851397,201.534289535,975.0;
28,634.480846271,202.27446856,976.0;
28,634.05598337,202.657606989,977.0;
28,633.833577813,203.001695274,978.0;
28,633.611172256,203.345783559,979.0;
28,633.388766699,203.689871844,980.0;
28,630.416452799,200.12377209,981.0;
28,626.483679288,196.054575485,982.0;
28,623.593670724,193.030908228,983.0;
28,619.892563512,190.30506868,984.0;
28,616.42787696,188.959280676,985.0;
28,613.516404481,189.036226418,986.0;
28,610.251714728,190.449897165,987.0;
28,607.238042637,192.46457952,988.0;
28,604.32849518,195.152010964,989.0;
28,602.353739858,197.097449722,990.0;
28,601.115904514,198.161558499,991.0;
28,600.052581548,198.455454204,992.0;
28,599.143449484,198.241617706,993.0;
28,598.297038663,198.099048663,994.0;
28,589.645818551,206.993457347,995.0;
28,589.645818551,206.993457347,996.0;
28,589.645818551,206.993457347,997.0;
28,589.645818551,206.993457347,998.0;
28,589.645818551,206.993457347,999.0;
28,589.645818551,206.993457347,1000.0;
28,589.645818551,206.993457347,1001.0;
28,590.352072985,201.895420143,1002.0;
28,587.596956076,199.260195797,1003.0;
28,586.938882027,193.876819256,1004.0;
28,586.180358904,190.077364838,1005.0;
28,585.42183578,186.27791042,1006.0;
28,584.663312657,182.478456001,1007.0;
28,583.904789533,178.679001583,1008.0;
28,583.14626641,174.879547165,1009.0;
28,582.387743287,171.080092747,1010.0;
28,581.629220163,167.280638329,1011.0;
28,574.909487928,176.536828737,1012.0;
28,574.909487928,176.536828737,1013.0;
28,568.336641549,186.875780116,1014.0;
28,564.935649085,193.213046081,1015.0;
28,564.935649085,193.213046081,1016.0;
28,564.935649085,193.213046081,1017.0;
28,564.935649085,193.213046081,1018.0;
28,564.935649085,193.213046081,1019.0;
28,564.935649085,193.213046081,1020.0;
28,564.935649085,193.213046081,1021.0;
29,633,182,970.0;
29,633,182,970.0;
29,633,182,971.0;
29,633,182,972.0;
29,630.6,186.5,973.0;
29,628.32,189.95,974.0;
29,626.124,192.665,975.0;
29,629.3868,185.2655,976.0;
29,630.81916,180.05195,977.0;
29,632.6683,174.258855,978.0;
29,634.0100604,169.3474195,979.0;
29,635.0840436,165.4952665,980.0;
29,636.1580268,161.6431135,981.0;
29,637.23201,157.7909605,982.0;
29,638.3059932,153.9388075,983.0;
29,639.3799764,150.0866545,984.0;
29,640.4539596,146.2345015,985.0;
29,641.5279428,142.3823485,986.0;
29,642.601926,138.5301955,987.0;
29,643.6759092,134.6780425,988.0;
29,644.7498924,130.8258895,989.0;
29,645.8238756,126.9737365,990.0;
29,646.8978588,123.1215835,991.0;
29,647.971842,119.2694305,992.0;
29,649.0458252,115.4172775,993.0;
29,650.1198084,111.5651245,994.0;
29,651.1937916,107.7129715,995.0;
29,652.2677748,103.8608185,996.0;
29,653.341758,100.0086655,997.0;
29,654.4157412,96.1565125,998.0;
29,655.4897244,92.3043595,999.0;
29,656.5637076,88.4522065,1000.0;
29,657.6376908,84.6000535,1001.0;
30,637,159,977.0;
30,637,159,977.0;
30,637,159,978.0;
30,637,159,979.0;
30,637,159,980.0;
30,637,159,981.0;
30,637,159,982.0;
30,637,159,983.0;
30,637,159,984.0;
30,637,159,985.0;
30,637,159,986.0;
30,637,159,987.0;
30,637,159,988.0;
30,637,159,989.0;
30,637,159,990.0;
30,637,159,991.0;
30,637,159,992.0;
30,637,159,993.0;
30,637,159,994.0;
30,637,159,995.0;
30,637,159,996.0;
30,637,159,997.0;
30,637,159,998.0;
30,637,159,999.0;
30,637,159,1000.0;
30,637,159,1001.0;
31,268,17,1003.0;
31,268,17,1003.0;
31,268,17,1004.0;
31,268,17,1005.0;
31,268,17,1006.0;
31,268,17,1007.0;
31,268,17,1008.0;
31,268,17,1009.0;
31,268,17,1010.0;
31,268,17,1011.0;
31,268,17,1012.0;
31,268,17,1013.0;
31,268,17,1014.0;
31,268,17,1015.0;
31,268,17,1016.0;
31,268,17,1017.0;
31,268,17,1018.0;
31,268,17,1019.0;
31,268,17,1020.0;
31,268,17,1021.0;
31,268,17,1022.0;
31,268,17,1023.0;
31,268,17,1024.0;
31,268,17,1025.0;
31,268,17,1026.0;
31,268,17,1027.0;
32,278,17,1038.0;
32,278,17,1038.0;
32,278.0,17.9,1039.0;
32,277.4,18.65,1040.0;
32,277.0,19.23,1041.0;
32,277.32,21.067,1042.0;
32,277.636,22.8583,1043.0;
32,277.868,24.2261,1044.0;
32,278.1,25.5939,1045.0;
32,278.332,26.9617,1046.0;
32,277.1948,28.23065,1047.0;
32,276.4676,29.25899,1048.0;
32,278.81828,29.001131,1049.0;
32,280.28844,28.966337,1050.0;
32,282.73102,28.0520801,1051.0;
32,284.3887996,27.00655541,1052.0;
32,285.21606828,26.159357177,1053.0;
32,285.94737284,25.490704715,1054.0;
32,286.6786774,24.822052253,1055.0;
32,287.40998196,24.153399791,1056.0;
32,288.14128652,23.484747329,1057.0;
32,288.87259108,22.816094867,1058.0;
32,289.60389564,22.147442405,1059.0;
32,290.3352002,21.478789943,1060.0;
32,291.06650476,20.810137481,1061.0;
32,291.79780932,20.141485019,1062.0;
32,292.52911388,19.472832557,1063.0;
32,293.26041844,18.804180095,1064.0;
32,293.991723,18.135527633,1065.0;
32,294.72302756,17.466875171,1066.0;
32,295.45433212,16.798222709,1067.0;
32,296.18563668,16.129570247,1068.0;
32,296.91694124,15.460917785,1069.0;
32,297.6482458,14.792265323,1070.0;
32,298.37955036,14.123612861,1071.0;
33,271,17,1042.0;
33,271,17,1042.0;
33,271,17,1043.0;
33,271,17,1044.0;
33,271,17,1045.0;
33,270.1,16.7,1046.0;
33,269.5,16.5,1047.0;
33,268.9,16.3,1048.0;
33,268.3,16.1,1049.0;
33,272.89,18.93,1050.0;
33,275.87,20.79,1051.0;
33,278.85,22.65,1052.0;
33,281.83,24.51,1053.0;
33,284.567,26.259,1054.0;
33,286.789,27.673,1055.0;
33,289.011,29.087,1056.0;
33,291.233,30.501,1057.0;
33,293.455,31.915,1058.0;
33,295.677,33.329,1059.0;
33,297.899,34.743,1060.0;
33,300.121,36.157,1061.0;
33,302.343,37.571,1062.0;
33,304.565,38.985,1063.0;
33,306.787,40.399,1064.0;
33,309.009,41.813,1065.0;
33,311.231,43.227,1066.0;
33,313.453,44.641,1067.0;
33,315.675,46.055,1068.0;
33,317.897,47.469,1069.0;
34,272,19,1082.0;
34,272,19,1082.0;
34,272,19,1083.0;
34,272.3,19.0,1084.0;
34,272.5,19.0,1085.0;
34,272.79,19.0,1086.0;
34,273.01,19.0,1087.0;
34,273.761,18.7,1088.0;
34,274.291,18.5,1089.0;
34,274.821,18.3,1090.0;
34,275.351,18.1,1091.0;
34,275.881,17.9,1092.0;
34,276.411,17.7,1093.0;
34,276.941,17.5,1094.0;
34,277.471,17.3,1095.0;
34,277.1007,17.37,1096.0;
34,276.9245,17.39,1097.0;
34,276.7483,17.41,1098.0;
34,276.5721,17.43,1099.0;
34,276.3959,17.45,1100.0;
34,276.2197,17.47,1101.0;
34,276.0435,17.49,1102.0;
34,275.8673,17.51,1103.0;
34,275.6911,17.53,1104.0;
34,275.5149,17.55,1105.0;
34,275.3387,17.57,1106.0;
34,275.1625,17.59,1107.0;
34,274.9863,17.61,1108.0;
34,274.8101,17.63,1109.0;
34,274.6339,17.65,1110.0;
35,253,341,1120.0;
35,253,341,1120.0;
35,253,341,1121.0;
35,253,341,1122.0;
35,253,341,1123.0;
35,253,341,1124.0;
35,253,341,1125.0;
35,253,341,1126.0;
35,253,341,1127.0;
35,253,341,1128.0;
35,253,341,1129.0;
35,253,341,1130.0;
35,253,341,1131.0;
35,253,341,1132.0;
35,253,341,1133.0;
35,253,341,1134.0;
35,253,341,1135.0;
35,253,341,1136.0;
35,253,341,1137.0;
35,253,341,1138.0;
35,253,341,1139.0;
35,253,341,1140.0;
35,253,341,1141.0;
35,253,341,1142.0;
35,253,341,1143.0;
35,253,341,1144.0;
36,277,16,1135.0;
36,277,16,1135.0;
36,277,16,1136.0;
36,277,16,1137.0;
36,277,16,1138.0;
36,277,16,1139.0;
36,279.7,19.0,1140.0;
36,278.95,20.1,1141.0;
36,278.69,21.1,1142.0;
36,280.401,23.27,1143.0;
36,282.5549,25.195,1144.0;
36,284.09681,26.4823,1145.0;
36,284.935109,27.07779,1146.0;
36,285.659183,27.61577,1147.0;
36,286.383257,28.15375,1148.0;
36,287.107331,28.69173,1149.0;
36,287.831405,29.22971,1150.0;
36,288.555479,29.76769,1151.0;
36,289.279553,30.30567,1152.0;
36,290.003627,30.84365,1153.0;
36,290.727701,31.38163,1154.0;
36,291.451775,31.91961,1155.0;
36,292.175849,32.45759,1156.0;
36,292.899923,32.99557,1157.0;
36,293.623997,33.53355,1158.0;
36,294.348071,34.07153,1159.0;
36,295.072145,34.60951,1160.0;
36,295.796219,35.14749,1161.0;
36,296.520293,35.68547,1162.0;
36,297.244367,36.22345,1163.0;
36,297.968441,36.76143,1164.0;
36,298.692515,37.29941,1165.0;
37,86,356,1172.0;
37,86,356,1172.0;
37,85.7,356.0,1173.0;
37,85.5,356.0,1174.0;
37,77.41,353.0,1175.0;
37,66.593,349.5,1176.0;
37,56.0613,346.93,1177.0;
37,47.38761,345.809,1178.0;
37,40.969565,345.7509,1179.0;
37,36.4433729,346.30313,1180.0;
37,33.11342837,347.353565,1181.0;
37,30.879168057,348.3698817,1182.0;
37,28.7193985869,349.40284981,1183.0;
37,26.422884051,350.136571001,1184.0;
37,23.2668860577,350.811946408,1185.0;
37,19.4501368064,351.539050569,1186.0;
37,15.515721656,352.066075752,1187.0;
37,11.4583615413,352.344030159,1188.0;
37,7.94706587625,352.410236785,1189.0;
37,5.13450317602,352.640650932,1190.0;
37,2.92449723813,352.863113612,1191.0;
37,1.15217804428,353.033261676,1192.0;
37,-0.620141149572,353.203409741,1193.0;
37,-2.39246034342,353.373557805,1194.0;
37,-4.16477953727,353.54370587,1195.0;
37,-5.93709873112,353.713853935,1196.0;
37,-7.70941792497,353.884001999,1197.0;
37,-9.48173711882,354.054150064,1198.0;
37,-11.2540563127,354.224298128,1217.0;
37,-13.0263755065,354.394446193,1220.0;
37,-14.7986947004,354.564594257,1222.0;
37,-16.5710138942,354.734742322,1223.0;
37,-18.3433330881,354.904890386,1224.0;
37,-20.1156522819,355.075038451,1242.0;
37,-21.8879714758,355.245186516,1244.0;
37,-23.6602906696,355.41533458,1245.0;
37,-25.4326098635,355.585482645,1246.0;
37,-27.2049290573,355.755630709,1250.0;
37,-28.9772482512,355.925778774,1253.0;
37,-30.749567445,356.095926838,1254.0;
37,-32.5218866389,356.266074903,1293.0;
37,-34.2942058327,356.436222968,1295.0;
37,-36.0665250266,356.606371032,1297.0;
37,-37.8388442204,356.776519097,1318.0;
38,269,19,1217.0;
38,269,19,1217.0;
38,273.8,21.1,1220.0;
38,276.86,22.57,1222.0;
38,279.002,23.599,1223.0;
38,280.5014,24.3193,1224.0;
38,275.85098,22.42351,1242.0;
38,274.77365,21.840635,1244.0;
38,272.6291962,20.4756599,1245.0;
38,270.78471106,19.66760227,1246.0;
38,273.747774506,21.101513407,1250.0;
38,278.372668664,22.8781101579,1253.0;
38,280.360868065,23.8146771105,1254.0;
38,280.252607645,23.5702739774,1293.0;
38,279.576825352,21.8991917842,1295.0;
38,278.432126248,20.904002902,1297.0;
38,279.758741925,21.9516563735,1318.0;
38,280.577676862,22.5584452291,1320.0;
38,281.3966118,23.1652340848,1321.0;
38,282.215546737,23.7720229405,1326.0;
38,283.034481675,24.3788117961,1327.0;
38,280.897391629,24.3899204563,1359.0;
38,278.207299379,24.0347619873,1362.0;
38,278.866949881,24.466835128,1363.0;
38,278.130947193,24.2074189535,1365.0;
38,277.764739417,23.4482169679,1429.0;
38,280.020830815,23.8465274443,1433.0;
38,276.538825985,22.5294841756,1435.0;
38,277.588808525,22.9742740594,1436.0;
38,279.80370853,24.0100451389,1439.0;
38,277.335088316,22.7074652073,1462.0;
39,265,19,1318.0;
39,265,19,1318.0;
39,264.4,19.0,1320.0;
39,263.7,19.3,1321.0;
39,261.326,19.35,1326.0;
39,258.5718,19.287,1327.0;
39,256.5154,19.253,1359.0;
39,254.459,19.219,1362.0;
39,252.4026,19.185,1363.0;
39,250.3462,19.151,1365.0;
39,248.2898,19.117,1429.0;
39,246.2334,19.083,1433.0;
39,244.177,19.049,1435.0;
39,242.1206,19.015,1436.0;
39,240.0642,18.981,1439.0;
39,238.0078,18.947,1462.0;
