0,634,197,21.0;
0,636.5,199.5,22.0;
0,636.39,199.09,23.0;
0,633.727,199.077,24.0;
0,630.1867,199.3497,25.0;
0,627.11559,197.87149,26.0;
0,625.405715,195.137105,27.0;
0,624.5626991,191.6302021,28.0;
0,624.46430843,188.42248393,29.0;
0,624.808489463,185.956315933,30.0;
0,625.011023581,184.286619712,31.0;
0,625.121576556,182.637068703,32.0;
0,624.551876318,180.947682275,33.0;
0,623.229356341,179.755228484,34.0;
0,621.609112506,179.151094955,35.0;
0,619.683406707,179.033495491,36.0;
0,616.967325715,180.118930963,37.0;
0,613.474815674,182.375852777,38.0;
0,609.715557976,185.182007271,39.0;
0,606.604328591,187.486131897,40.0;
0,603.804914702,189.210047394,41.0;
0,601.427965102,189.82082775,42.0;
0,599.085602399,189.989449535,43.0;
0,596.891622662,189.226620855,44.0;
0,595.131172117,187.920515372,45.0;
0,593.211215061,186.689762305,46.0;
0,590.621123194,186.421202388,47.0;
0,587.589179718,186.981296214,48.0;
0,584.618104645,188.71981174,49.0;
0,581.033595396,191.146229383,50.0;
0,577.337535414,193.847003623,51.0;
0,574.359982616,195.919216256,52.0;
0,571.398957569,197.400659103,53.0;
0,569.077054575,198.126095731,54.0;
0,566.856754709,198.239555353,55.0;
0,565.090630559,197.680808349,56.0;
0,562.87803709,196.930899856,57.0;
0,560.550695104,195.968917138,58.0;
0,558.244202865,194.578288359,59.0;
0,555.429074466,193.98918127,60.0;
0,552.321043201,194.22209417,61.0;
0,549.077074461,195.71478091,62.0;
0,545.220412606,198.304842447,63.0;
0,541.02337469,201.316017872,64.0;
0,537.286956038,204.000111463,65.0;
0,534.259953022,205.463174894,66.0;
0,531.897243548,205.902064943,67.0;
0,529.70084292,205.353306485,68.0;
0,527.688639409,204.134142062,69.0;
0,525.482759197,202.59653305,70.0;
0,522.661948886,201.32037341,71.0;
0,519.490188402,200.222426925,72.0;
0,516.166553547,200.149745893,73.0;
0,512.842014105,201.190110583,74.0;
0,509.301348351,203.103286058,75.0;
0,505.520224957,205.827809949,76.0;
0,501.547537368,208.478312741,77.0;
0,498.060472602,210.358232992,78.0;
0,495.231993457,211.317847755,79.0;
0,492.687726837,211.512591606,80.0;
0,490.484128552,210.928374345,81.0;
0,488.224240089,209.799835349,82.0;
0,485.740400127,207.799896321,83.0;
0,482.696945715,205.951957421,84.0;
0,479.391405358,204.369602708,85.0;
0,475.718537365,203.087387365,86.0;
0,471.754911575,203.246626058,87.0;
0,467.619004122,204.951676951,88.0;
0,463.421954877,207.559069444,89.0;
0,459.541899032,209.913851184,90.0;
0,456.06817401,211.814927651,91.0;
0,453.245162755,212.627649283,92.0;
0,450.700534136,212.359584584,93.0;
0,448.193403234,211.29597636,94.0;
0,445.579125088,209.803401901,95.0;
0,442.804556803,207.89867571,96.0;
0,439.281613795,205.738373358,97.0;
0,435.255546124,204.076626968,98.0;
0,430.954506236,203.726125978,99.0;
0,426.577752277,204.721052669,100.0;
0,422.256554468,207.030737922,101.0;
0,418.349979533,209.656169804,102.0;
0,414.611302891,211.735807509,103.0;
0,411.49870522,212.969094671,104.0;
0,408.425987167,213.107770868,105.0;
0,405.734508394,212.337409112,106.0;
0,402.836308098,210.99828016,107.0;
0,399.835875827,209.128815105,108.0;
0,396.478306041,206.928422747,109.0;
0,392.753707389,205.194813112,110.0;
0,389.051968223,204.173340308,111.0;
0,385.245482552,204.416247057,112.0;
0,381.030025113,206.124050602,113.0;
0,376.681562418,208.688167431,114.0;
0,372.34921708,211.285149323,115.0;
0,369.01230725,213.185320358,116.0;
0,366.24043786,213.901232845,117.0;
0,363.425677158,213.807823298,118.0;
0,360.878735104,212.985479894,119.0;
0,358.023976427,211.408742816,120.0;
0,354.999077696,209.599496919,121.0;
0,351.585374206,207.570450019,122.0;
0,347.501502958,205.725866749,123.0;
0,343.10414429,204.804174764,124.0;
0,338.634545921,205.498941813,125.0;
0,334.246588894,207.698286489,126.0;
0,330.305219847,210.648365021,127.0;
0,326.85869602,213.771834093,128.0;
0,323.805381712,215.500299909,129.0;
0,320.986126454,216.07816279,130.0;
0,317.950950632,215.861443678,131.0;
0,314.844005007,214.656105619,132.0;
0,311.424674155,212.690528845,133.0;
0,307.979433598,210.590268352,134.0;
0,304.03544615,209.000652704,135.0;
0,299.837597181,207.810298238,136.0;
0,295.849026491,207.793022196,137.0;
0,291.934680017,208.957161841,138.0;
0,288.039629187,211.300217963,139.0;
0,284.128097134,213.874272722,140.0;
0,280.784333929,216.168432479,141.0;
0,278.107899713,217.369369498,142.0;
0,275.681042627,217.685858159,143.0;
0,272.944931575,217.124768688,144.0;
0,270.007027177,215.958118726,145.0;
0,266.939973648,214.495683878,146.0;
0,263.518030523,212.687842555,147.0;
0,259.147054437,210.63661235,148.0;
0,254.421073676,209.362404224,149.0;
0,249.985045293,209.414622575,150.0;
0,246.084757623,210.716062982,151.0;
0,242.418559546,213.198693235,152.0;
0,239.09666314,216.177305935,153.0;
0,236.351268737,218.579229504,154.0;
0,233.822517999,220.033707032,155.0;
0,231.292562907,220.279450619,156.0;
0,228.339721699,219.224409867,157.0;
0,224.877802981,217.49524048,158.0;
0,220.990899724,215.578143099,159.0;
0,216.836599972,213.79425136,160.0;
0,212.272676118,212.288766632,161.0;
0,207.965982969,211.67061586,162.0;
0,204.143079234,212.270091305,163.0;
0,200.505052541,214.215573814,164.0;
0,197.176443933,216.588994828,165.0;
0,194.106547689,219.14497194,166.0;
0,191.499703394,221.058626419,167.0;
0,189.009947706,221.815030058,168.0;
0,186.153098117,221.766708281,169.0;
0,183.093456837,220.980303933,170.0;
0,179.335758942,219.725038475,171.0;
0,175.464150796,217.973579815,172.0;
0,171.455371028,215.879632214,173.0;
0,166.77205789,213.918317182,174.0;
0,162.568667481,213.181218296,175.0;
0,158.906915307,213.841326163,176.0;
0,155.42053611,215.932241767,177.0;
0,152.198824371,218.760771645,178.0;
0,149.182971461,221.186947749,179.0;
0,146.586521251,223.056999953,180.0;
0,144.080013608,223.789409199,181.0;
0,141.19556579,223.734311985,182.0;
0,137.809427907,222.952536429,183.0;
0,133.982739436,221.707082646,184.0;
0,129.864281639,220.56578704,185.0;
0,125.613232047,219.47955687,186.0;
0,121.353203943,219.046583188,187.0;
0,117.455755179,219.952006298,188.0;
0,113.994687525,221.551521602,189.0;
0,110.897870882,223.983854555,190.0;
0,106.230207133,225.530158825,191.0;
0,101.056461579,226.558247922,192.0;
0,96.5044840579,227.288833356,193.0;
0,92.6642107911,227.622864527,194.0;
0,89.4409629561,227.647977205,195.0;
0,87.8212937999,228.093566232,196.0;
0,85.9807426844,228.278768867,197.0;
0,84.0950409618,228.610002437,198.0;
0,80.9543373471,228.296892602,199.0;
0,76.9674156126,228.384359019,200.0;
0,73.103211382,229.193406867,201.0;
0,69.4924220536,231.016187876,202.0;
0,66.1823502957,234.312736394,203.0;
0,63.1212990344,237.677492101,204.0;
0,60.2155725791,240.465607351,205.0;
0,57.3723168936,242.16589398,206.0;
0,54.5232913174,242.814922057,207.0;
0,51.3317812522,243.006498045,208.0;
0,47.7382724901,242.552091107,209.0;
0,43.8139567359,241.894079534,210.0;
0,40.8353016603,241.418760534,211.0;
0,37.8566465847,240.943441535,212.0;
0,34.8779915091,240.468122535,213.0;
0,31.8993364336,239.992803536,214.0;
0,28.920681358,239.517484536,215.0;
0,25.9420262824,239.042165536,216.0;
0,22.9633712068,238.566846537,217.0;
0,19.9847161312,238.091527537,218.0;
0,14.9042427389,243.131345976,219.0;
0,10.4840745271,250.499494348,220.0;
0,7.32292095148,257.995788906,221.0;
0,5.42871550172,264.694808743,222.0;
0,4.77649441941,273.245609578,223.0;
0,6.78936206427,278.850199556,224.0;
0,8.03133380868,282.107718059,225.0;
0,8.41869119529,284.023921725,226.0;
0,8.26675162102,284.87077613,227.0;
0,7.85231003796,284.558612803,228.0;
0,7.39862214158,283.718562011,229.0;
0,7.04091516279,283.101307444,230.0;
0,6.82996131235,282.729304952,231.0;
0,6.45603721489,282.891364268,232.0;
0,5.52807004444,283.270362776,233.0;
0,4.87301459633,283.531868026,234.0;
0,4.75257140376,283.255361294,235.0;
0,4.70945465094,282.774123587,236.0;
0,5.06085106012,282.003358339,237.0;
0,5.50181177363,281.310856632,238.0;
0,5.87827871205,280.842232951,239.0;
0,5.82074773243,280.920823123,240.0;
0,5.87513597341,280.945419607,241.0;
0,5.93805803528,281.273384541,242.0;
0,5.68939930075,281.645964923,243.0;
0,5.37090659122,281.946659057,244.0;
0,5.09611496016,282.128916417,245.0;
0,4.91724175713,282.19746227,246.0;
0,4.83858990658,282.184507758,247.0;
0,4.83651149456,282.129281214,248.0;
0,4.87785459524,282.064741234,249.0;
0,4.93276453686,282.011766124,250.0;
0,4.98099532459,281.97904087,251.0;
0,5.01294578132,281.966164102,252.0;
0,5.32747213395,281.967750445,253.0;
0,5.37846413659,281.977023682,254.0;
0,5.30861898256,281.988190537,255.0;
0,5.18926476084,281.997514436,256.0;
0,5.07321755885,282.003382066,257.0;
0,5.28919456044,282.005788602,258.0;
0,5.29495109562,282.005631225,259.0;
0,5.22148747045,282.004078976,260.0;
0,5.12276109804,282.002149183,261.0;
0,5.035556444,282.000509711,262.0;
0,4.9774771623,281.999459082,263.0;
0,5.25080870235,281.999011368,264.0;
0,5.59866410216,281.999017693,265.0;
0,5.8978104595,281.999276635,266.0;
0,6.09190170014,281.999609717,267.0;
0,6.17669835286,281.999897717,268.0;
0,6.17824290664,282.00008559,269.0;
0,6.13276470103,282.000168546,270.0;
0,6.07277808362,282.000171179,271.0;
0,6.02026327613,282.000128147,272.0;
0,5.98558653214,282.000070731,273.0;
0,5.96991505715,282.000020188,274.0;
0,5.9689611163,281.999986635,275.0;
0,5.97649701918,281.99997132,276.0;
0,5.98682789981,281.999970201,277.0;
0,5.99603793901,281.999977322,278.0;
0,6.00222569682,281.999987206,279.0;
0,6.00511216002,281.999996067,280.0;
0,6.00539941781,282.000002052,281.0;
0,6.0059377622,282.000006958,282.0;
0,6.00647610659,282.000011863,283.0;
0,6.00701445098,282.000016768,284.0;
0,6.00755279537,282.000021673,285.0;
0,6.00809113976,282.000026579,286.0;
0,6.00862948415,282.000031484,287.0;
0,6.00916782854,282.000036389,288.0;
0,6.00970617293,282.000041295,289.0;
0,6.01024451732,282.0000462,290.0;
0,6.01078286171,282.000051105,291.0;
0,6.01132120609,282.00005601,292.0;
0,6.01185955048,282.000060916,293.0;
0,6.01239789487,282.000065821,294.0;
0,6.01293623926,282.000070726,295.0;
0,6.01347458365,282.000075632,296.0;
0,6.01401292804,282.000080537,297.0;
1,635,179,24.0;
1,635,179,24.0;
1,637.5,181.5,25.0;
1,639.7,183.7,26.0;
1,641.9,185.9,27.0;
1,644.1,188.1,28.0;
1,646.3,190.3,29.0;
1,648.5,192.5,30.0;
1,650.7,194.7,31.0;
1,652.9,196.9,32.0;
1,655.1,199.1,33.0;
1,657.3,201.3,34.0;
1,659.5,203.5,35.0;
1,661.7,205.7,36.0;
1,663.9,207.9,37.0;
1,666.1,210.1,38.0;
1,668.3,212.3,39.0;
1,670.5,214.5,40.0;
1,672.7,216.7,41.0;
1,674.9,218.9,42.0;
1,677.1,221.1,43.0;
1,679.3,223.3,44.0;
1,681.5,225.5,45.0;
1,683.7,227.7,46.0;
1,685.9,229.9,47.0;
1,688.1,232.1,48.0;
1,690.3,234.3,49.0;
2,634,18,26.0;
2,634,18,26.0;
2,636.8,20.5,27.0;
2,637.34,21.29,28.0;
2,636.214,20.877,29.0;
2,634.1878,19.8977,30.0;
2,631.9243,18.85589,31.0;
2,629.856422,17.749945,32.0;
2,628.1757406,17.2356301,33.0;
2,626.88886646,16.84634993,34.0;
2,625.597111662,16.668302053,35.0;
2,624.718479943,16.0548367081,36.0;
2,623.999641395,16.0370385708,37.0;
2,623.297185046,15.6774415856,38.0;
2,622.526541378,15.2999324616,39.0;
2,621.658080166,15.0105449121,40.0;
2,620.400641044,14.8457462073,41.0;
2,618.732308464,14.7935649187,42.0;
2,616.747642019,14.8180165182,43.0;
2,614.281841885,15.1790251192,44.0;
2,612.007714919,15.5946434048,45.0;
2,609.87219794,15.9327823595,46.0;
2,607.849536967,16.1396167606,47.0;
2,605.895967211,16.2191436675,48.0;
2,603.969016672,16.8067013818,49.0;
2,602.637980036,16.5459913426,50.0;
2,601.38672471,16.2980359715,51.0;
2,599.985473303,16.3816916111,52.0;
2,598.344549456,16.5892989504,53.0;
2,596.476049244,16.5123413333,54.0;
2,594.445916321,16.3360363211,55.0;
2,592.333103641,16.1499360707,56.0;
2,590.503321593,16.0067365522,57.0;
2,588.147780033,16.2247933182,58.0;
2,585.97025395,16.2484588444,59.0;
2,583.898573317,16.4971122396,60.0;
2,582.2048031,16.4671089586,61.0;
2,580.903042972,16.028858792,62.0;
2,579.599266128,15.2159354128,63.0;
2,578.413341902,14.4445551131,64.0;
2,577.041755441,13.8969978159,65.0;
2,575.402810608,13.6171462973,66.0;
2,573.520270744,13.5599714096,67.0;
2,571.170778026,13.642360906,68.0;
2,568.390659818,13.7814851884,69.0;
2,565.312222068,13.9162086376,70.0;
2,562.387119191,14.0134395233,71.0;
2,559.78841059,14.3643945433,72.0;
2,557.82814702,14.4261867732,73.0;
2,556.475081196,14.3499818609,74.0;
2,555.553843223,13.9163118262,75.0;
2,554.253950721,13.735215532,76.0;
2,552.599983732,13.4026455689,77.0;
2,550.657766448,13.4117185416,78.0;
2,548.539105492,13.5697525855,79.0;
2,546.352487929,13.7701159779,80.0;
2,543.876335232,14.2420893234,81.0;
2,541.701842562,15.0034511728,82.0;
2,539.7016476,15.6889165035,83.0;
2,537.799110046,15.5536587978,84.0;
2,536.225920403,15.3739631952,85.0;
2,534.686194899,15.776103227,86.0;
2,533.645537942,15.1195148058,87.0;
2,532.554930182,14.5007514404,88.0;
2,531.199907989,14.3240485813,89.0;
2,529.529119483,14.100842349,90.0;
2,527.595906855,13.9496278482,91.0;
2,525.498372001,13.8780444872,92.0;
2,523.334175762,14.1696662384,93.0;
2,521.47534017,14.5488611971,94.0;
2,519.710803795,14.8785064627,95.0;
2,517.937854438,15.0946961311,96.0;
2,516.101160644,15.1911413514,97.0;
2,514.486310352,15.1954539233,98.0;
2,513.155553497,15.1470509436,99.0;
2,511.769885749,15.0817120296,100.0;
2,510.193741515,15.0238771101,101.0;
2,508.700727951,14.9852815065,102.0;
2,507.082451087,15.2674947768,103.0;
2,505.294778761,15.6159855662,104.0;
2,503.05703978,15.9109841611,105.0;
2,500.669075608,16.0993274923,106.0;
2,498.297856014,16.1789746098,107.0;
2,496.032530477,16.477043597,108.0;
2,493.895490253,16.4799308947,109.0;
2,492.165920261,16.3567657487,110.0;
2,490.554221798,16.7950341723,111.0;
2,489.207572991,16.7537556047,112.0;
2,487.799480682,16.5346631497,113.0;
2,486.203084011,16.2729589559,114.0;
2,484.696300033,16.0554352789,115.0;
2,483.071462996,15.9192088472,116.0;
2,480.982973877,15.8639277452,117.0;
2,478.397846762,15.8683491143,118.0;
2,475.72673542,15.9050543113,119.0;
2,473.181961859,15.9502951007,120.0;
2,471.149578581,15.9885532166,121.0;
2,469.372553515,16.0129539251,122.0;
2,467.980555564,16.6232503014,123.0;
2,466.306092265,16.7229711938,124.0;
2,464.728808828,16.8908423831,125.0;
2,463.056039809,16.7132312295,126.0;
2,461.244718807,16.4283288638,127.0;
2,459.306752157,16.1574180345,128.0;
2,456.981735272,15.9647792811,129.0;
2,454.564474645,15.8660589661,130.0;
2,452.204045287,15.8456002585,131.0;
2,449.969153072,16.1742873151,132.0;
2,448.165633632,15.9730373648,133.0;
2,446.512598002,15.9073476778,134.0;
2,445.453622568,15.5946510569,135.0;
2,445.002654458,14.6649316744,136.0;
2,444.409422157,13.7114065848,137.0;
2,443.070762308,12.6924668226,138.0;
2,439.682714592,11.0418191819,139.0;
2,435.707902077,11.3865835158,140.0;
2,431.917952529,12.5191398287,141.0;
2,428.996913124,13.7983950084,142.0;
2,426.761933645,14.8271952069,143.0;
2,424.972242389,15.7482525643,144.0;
2,423.377232265,16.3294990177,145.0;
2,421.785946206,16.269327287,146.0;
2,420.39048,16.5056060232,147.0;
2,418.907494124,16.1664645494,148.0;
2,417.241073562,15.6732645413,149.0;
2,415.385198921,15.222023756,150.0;
2,413.385757402,14.6116027397,151.0;
2,411.605773227,14.4107502582,152.0;
2,409.25148105,14.4514778015,153.0;
2,407.047692358,14.6169009973,154.0;
2,404.941170677,14.8091437277,155.0;
2,402.91681416,15.2664222875,156.0;
2,400.944802829,15.4132284862,157.0;
2,398.994827748,15.3880005511,158.0;
2,397.044186488,15.5729927642,159.0;
2,395.380338896,15.1876102848,160.0;
2,393.749696131,14.6630174223,161.0;
2,392.041615189,14.4968608895,162.0;
2,390.214269912,14.2346293999,163.0;
2,388.57524638,14.3267761217,164.0;
2,386.607829143,14.5534164943,165.0;
2,384.488039913,14.7964468144,166.0;
2,382.314067567,14.985467622,167.0;
2,379.854985486,15.0950976925,168.0;
2,377.395603294,15.4317651319,169.0;
2,375.35549241,15.7680399637,170.0;
2,373.520602289,16.0166634789,171.0;
2,371.757707225,16.751560143,172.0;
2,369.973482111,16.8876966376,173.0;
2,368.421210699,17.0331319489,174.0;
2,366.842423926,16.8059614165,175.0;
2,365.139273112,16.16919595,176.0;
2,363.289297648,15.5086163418,177.0;
2,361.018093999,15.3064515123,178.0;
2,358.321515516,15.3735618146,179.0;
2,355.607837531,15.8740175121,180.0;
2,353.370140102,16.4470281495,181.0;
2,351.420793115,16.6116867876,182.0;
2,349.619752592,16.8448570602,183.0;
2,347.550034226,16.7157695772,184.0;
2,345.687983042,16.1573804966,185.0;
2,343.866358788,15.8437636824,186.0;
2,342.020995921,15.708759709,187.0;
2,340.422133776,15.4088799596,188.0;
2,338.517016193,15.4346385104,189.0;
2,336.455726136,15.5960572862,190.0;
2,334.322914909,15.7914769062,191.0;
2,331.884582746,15.9551278978,192.0;
2,329.42912522,16.0584391997,193.0;
2,327.382496449,16.1010993368,194.0;
2,325.53693526,16.398703186,195.0;
2,323.763817827,16.1216985132,196.0;
2,321.972279429,15.974934283,197.0;
2,320.116225275,15.8992634005,198.0;
2,318.486616377,15.8830792222,199.0;
2,316.847515136,15.9044154845,200.0;
2,315.109264506,15.6412157655,201.0;
2,313.247435381,15.6271078238,202.0;
2,311.280477873,15.7161593423,203.0;
2,309.246057421,15.8398267636,204.0;
2,307.182807038,15.950725561,205.0;
2,305.119856994,15.7256402417,206.0;
2,303.073442151,15.4109260001,207.0;
2,301.04835488,15.7278452647,208.0;
2,299.041733739,15.9360802841,209.0;
2,297.347175128,15.7693110211,210.0;
2,295.707956773,15.7758993683,211.0;
2,294.005925733,15.837855007,212.0;
2,292.19124766,15.9147078628,213.0;
2,289.965303548,16.2799214178,214.0;
2,287.607795922,16.3716614399,215.0;
2,285.269564712,16.3264038779,216.0;
2,283.03006841,16.216194635,217.0;
2,280.608132694,16.3982668538,218.0;
2,278.233734192,16.6566779144,219.0;
2,276.283300142,17.1906518505,220.0;
2,274.517399036,17.7001077737,221.0;
2,273.093970668,18.0633750695,222.0;
2,271.672418408,18.550327237,223.0;
2,270.101520356,18.6399353693,224.0;
2,268.635422155,18.5237327273,225.0;
2,266.449197402,17.7224887387,226.0;
2,263.988120215,16.825945033,227.0;
2,261.493005735,16.1091348493,228.0;
2,259.107560135,15.6793460855,229.0;
2,256.883744964,15.5220343956,230.0;
2,254.808634777,16.1582109064,231.0;
2,252.836328031,16.6933349168,232.0;
2,250.914390965,17.0727372842,233.0;
2,249.300364557,17.5662909161,234.0;
2,247.718414984,17.3554453118,235.0;
2,246.345735327,16.8849559923,236.0;
2,245.187143534,15.4913934154,237.0;
2,243.589674811,14.9632360843,238.0;
2,241.681776876,14.937026597,239.0;
2,239.576092044,15.1987223689,240.0;
2,237.387124607,15.5536041852,241.0;
2,234.600650444,14.9684009142,242.0;
2,232.064055798,15.3289028448,243.0;
2,229.766908288,15.6652691862,244.0;
2,227.981109528,16.540664349,245.0;
2,226.385973745,17.1103129094,246.0;
2,224.792344533,17.4006347468,247.0;
2,223.093902595,15.9590499416,248.0;
2,221.258360436,15.6224094658,249.0;
2,219.303283113,15.1920643383,250.0;
2,217.569586203,15.2011343389,251.0;
2,215.85062352,15.4139186112,252.0;
2,213.766842303,15.3854589647,253.0;
2,211.540545822,15.5693022319,254.0;
2,209.593277879,16.0842358812,255.0;
2,207.448555583,16.6106973957,256.0;
2,205.270886645,16.406734521,257.0;
2,203.420961512,16.5267643356,258.0;
2,201.675553445,17.3170223046,259.0;
2,199.622481031,17.297140968,260.0;
2,197.450915412,16.9487507679,261.0;
2,195.257600658,16.5069770561,262.0;
2,193.102368224,16.127769743,263.0;
2,191.008822323,15.8821935144,264.0;
2,188.974142815,15.7753005127,265.0;
2,186.981445158,16.0738622984,266.0;
2,184.710358729,16.4818527008,267.0;
2,182.39385706,16.545045624,268.0;
2,180.434213289,16.7387217987,269.0;
2,178.623917322,16.9151127889,270.0;
2,176.547933077,16.7359624183,271.0;
2,174.6829193,17.044287982,272.0;
2,173.160952567,17.7654354223,273.0;
2,171.366803529,17.5902647791,274.0;
2,169.40671115,17.0787003764,275.0;
2,167.343314519,16.511762213,276.0;
2,165.238550631,16.3612186661,277.0;
2,163.137859689,16.1429974266,278.0;
2,161.065629243,15.9836142016,279.0;
2,159.32811659,16.7986199032,280.0;
2,157.669799191,17.8273819213,281.0;
2,155.966993658,18.4083693518,282.0;
2,154.162004208,18.6275462815,283.0;
2,151.949089022,18.2871233289,284.0;
2,149.603093372,17.7618344099,285.0;
2,147.272531532,16.9695956687,286.0;
2,145.636558703,16.2738470998,287.0;
2,143.914908656,15.8130276552,288.0;
2,142.112908379,15.9035815759,289.0;
2,140.214432045,16.2393605618,290.0;
2,138.235532967,16.6251630478,291.0;
2,136.206110911,17.2386700475,292.0;
2,134.156045723,17.780179755,293.0;
2,132.10743733,17.8405784549,294.0;
2,130.372282924,18.2558513286,295.0;
2,128.703802896,18.3818827924,296.0;
2,127.286465328,18.6531708861,297.0;
2,125.818275304,18.8952677882,298.0;
2,123.883337312,18.7580724284,299.0;
2,121.710104335,18.1841441956,300.0;
2,119.448466741,17.5548668943,301.0;
2,117.205348336,17.0582062131,302.0;
2,115.335811461,17.0649426162,303.0;
2,113.301559832,17.3118299217,304.0;
2,111.523973363,18.2290110332,305.0;
2,109.792291866,18.003089587,306.0;
2,108.016554343,18.2557702845,307.0;
2,106.4578372,18.5907712011,308.0;
2,104.565917929,17.3847712021,309.0;
2,102.799304475,15.5293706902,310.0;
2,101.302181777,13.532710024,311.0;
2,99.7852258047,11.4160754447,312.0;
2,98.6165310725,9.80368637814,313.0;
2,97.4478363403,8.19129731155,314.0;
2,94.9953991256,11.2052357715,315.0;
2,91.9432305128,14.7996800084,316.0;
2,88.8687761562,17.604651979,317.0;
2,86.361199916,19.5782267679,318.0;
2,84.2630452433,20.8330896901,319.0;
2,82.7196868633,21.3192096071,320.0;
2,81.3282875861,20.9484422627,321.0;
2,79.8637492184,20.2342175616,322.0;
2,78.5190329358,20.413355163,323.0;
2,77.0310432542,20.3261998773,324.0;
2,75.3296977864,19.8925809493,325.0;
2,73.1312229,19.1176833028,326.0;
2,70.7459590096,17.793142962,327.0;
2,68.3562618885,16.585183201,328.0;
2,66.6654034097,16.6565781026,329.0;
2,65.205517775,17.6058489408,330.0;
2,63.7345471981,18.4599198856,331.0;
2,62.1198214035,19.0786204444,332.0;
2,60.3244213936,19.7046514418,333.0;
2,58.3746478258,19.8320194255,334.0;
2,56.3253661931,19.6870204457,335.0;
2,54.2331732685,19.4271957011,336.0;
2,52.440920181,18.8706229619,337.0;
2,51.0226192049,18.6325802578,338.0;
2,49.322489665,18.5948054765,339.0;
2,47.1265698098,18.0790021751,340.0;
2,45.0439465403,18.1096117608,341.0;
2,43.6062514089,18.9582540709,342.0;
2,41.403516769,19.3643477062,343.0;
2,39.2450710107,20.0970297383,344.0;
2,37.4126229233,20.7421039444,345.0;
2,35.6791700343,21.1703984742,346.0;
2,33.9318522075,21.0659398076,347.0;
2,32.4110726506,21.3302986044,348.0;
2,30.2525572095,20.4524618934,349.0;
2,27.8581236881,18.723233243,350.0;
2,25.4341287572,17.3468245556,351.0;
2,23.103818119,16.4858613062,352.0;
2,21.5118514507,17.0373979469,353.0;
2,20.1472687392,18.7165349995,354.0;
2,18.4448125486,20.2105526491,355.0;
2,16.2157858193,21.2524588441,356.0;
2,14.0914265378,22.0702870138,357.0;
2,12.0180144403,22.5099961653,358.0;
2,9.69221991129,21.7236342871,359.0;
2,7.64979779808,21.1751267207,360.0;
2,6.03709398718,20.5224295361,361.0;
2,4.82433541641,20.0210874334,362.0;
2,3.89086340851,20.6348531231,363.0;
2,3.39649459788,20.6935000974,364.0;
2,2.96651352639,20.7800462538,365.0;
2,2.5365324549,20.8665924102,366.0;
2,2.10655138341,20.9531385666,367.0;
2,1.67657031193,21.039684723,368.0;
2,1.24658924044,21.1262308794,369.0;
2,0.816608168949,21.2127770358,370.0;
2,0.386627097461,21.2993231922,371.0;
2,-0.0433539740269,21.3858693486,372.0;
2,-0.473335045515,21.472415505,373.0;
2,-0.903316117003,21.5589616614,374.0;
2,-1.33329718849,21.6455078178,375.0;
2,-1.76327825998,21.7320539742,376.0;
2,-2.19325933147,21.8186001306,377.0;
2,-2.62324040295,21.905146287,378.0;
2,-3.05322147444,21.9916924434,379.0;
2,-3.48320254593,22.0782385998,380.0;
2,-3.91318361742,22.1647847562,381.0;
2,-4.34316468891,22.2513309126,382.0;
2,-4.77314576039,22.337877069,383.0;
2,-5.20312683188,22.4244232254,384.0;
2,-5.63310790337,22.5109693818,385.0;
2,-6.06308897486,22.5975155383,386.0;
3,632,136,57.0;
3,632,136,57.0;
3,634.2,138.8,58.0;
3,634.34,139.94,59.0;
3,633.59,139.814,60.0;
3,632.1966,139.0118,61.0;
3,630.84518,137.4395,62.0;
3,630.168638,134.424742,63.0;
3,629.7059286,131.5860446,64.0;
3,629.5232699,129.58400246,65.0;
3,629.544930854,127.671018222,66.0;
3,629.075378966,126.125282311,67.0;
3,628.232831378,124.9270968,68.0;
3,626.54046857,125.475067746,69.0;
3,624.03222357,126.998413862,70.0;
3,621.839228241,127.431900082,71.0;
3,620.392951515,126.402358345,72.0;
3,620.340869154,122.541201802,73.0;
3,619.203077052,119.618241669,74.0;
3,617.093113441,117.520641161,75.0;
3,614.507324325,116.470618175,76.0;
3,611.807378095,115.980244577,77.0;
3,608.625489902,115.970771772,78.0;
3,605.561005139,116.533066341,79.0;
3,602.239032336,117.82935405,80.0;
3,598.896579159,119.419643115,81.0;
3,597.431694798,118.921097781,82.0;
3,594.279118909,120.322426971,83.0;
3,590.801105495,122.063340305,84.0;
3,587.525130554,123.541783293,85.0;
3,584.394050643,124.18884771,86.0;
3,581.378192726,124.242103379,87.0;
3,578.730982184,123.648979675,88.0;
3,576.458488912,122.288095685,89.0;
3,574.166685563,120.931095773,90.0;
3,571.979937441,119.329090921,91.0;
3,569.600574758,118.686404565,92.0;
3,566.651982219,119.268035018,93.0;
3,563.11125502,121.204058967,94.0;
3,559.119521483,123.875177047,95.0;
3,557.273075117,123.78345714,96.0;
3,554.548065622,124.888395135,97.0;
3,551.459563243,126.056177678,98.0;
3,548.490515467,126.955529705,99.0;
3,545.540314692,127.470729117,100.0;
3,542.887720437,127.036851217,101.0;
3,540.271460341,125.664298277,102.0;
3,537.275774999,124.802951078,103.0;
3,534.106489707,124.371829367,104.0;
3,530.88400262,125.193725573,105.0;
3,527.38956917,126.983618799,106.0;
3,523.911398454,129.070218118,107.0;
3,520.266659255,131.340457026,108.0;
3,517.036273897,133.343271988,109.0;
3,514.357826883,134.335597649,110.0;
3,512.164861566,134.844044631,111.0;
3,509.993936981,134.309323337,112.0;
3,507.619795599,133.109455344,113.0;
3,505.269129569,131.289070879,114.0;
3,502.722782904,129.37449715,115.0;
3,499.948905217,127.944966603,116.0;
3,496.988818356,127.758738179,117.0;
3,493.614076941,128.837178336,118.0;
3,489.844561744,131.163438456,119.0;
3,487.89404718,131.363650125,120.0;
3,486.449306758,130.601219627,121.0;
3,483.383432364,131.597941445,122.0;
3,479.626850289,133.340640887,123.0;
3,475.080183252,134.407985945,124.0;
3,470.873202066,134.899622831,125.0;
3,467.430260064,135.241037551,126.0;
3,464.490344927,135.369560031,127.0;
3,461.816502769,135.045447012,128.0;
3,458.90686044,134.892127498,129.0;
3,455.881677022,135.134315421,130.0;
3,452.498338282,136.095018648,131.0;
3,448.754100634,138.028307607,132.0;
3,445.641261387,139.583589446,133.0;
3,442.831343447,140.86281402,134.0;
3,440.141640105,141.614848136,135.0;
3,437.438579806,141.876126726,136.0;
3,434.650835289,141.794649787,137.0;
3,431.460481184,140.642413757,138.0;
3,428.134157778,138.710134003,139.0;
3,424.816535648,136.6234225,140.0;
3,421.286367987,135.032774209,141.0;
3,417.81501842,134.433489871,142.0;
3,414.499157873,135.405183275,143.0;
3,412.25249492,134.78398393,144.0;
3,410.288714987,134.012276475,145.0;
3,408.213932328,133.616928417,146.0;
3,404.936431634,134.995132116,147.0;
3,400.87755902,137.408191837,148.0;
3,395.796425011,138.493375403,149.0;
3,391.103919463,139.612800596,150.0;
3,387.029097296,140.040350548,151.0;
3,383.579631585,139.109287379,152.0;
3,380.297226575,138.079477286,153.0;
3,376.92180086,137.822119539,154.0;
3,373.631894236,138.284248121,155.0;
3,370.165254025,139.889135615,156.0;
3,366.16096946,142.196697352,157.0;
3,362.796718045,143.917790613,158.0;
3,359.80559056,145.20297728,159.0;
3,357.021105623,145.869907721,160.0;
3,354.296306596,146.01721276,161.0;
3,351.233379426,145.535228264,162.0;
3,347.73746156,143.966157598,163.0;
3,344.16800755,142.01627705,164.0;
3,340.405431341,139.800111909,165.0;
3,336.772976515,138.391030335,166.0;
3,333.077827919,138.060276766,167.0;
3,329.568309446,138.379382808,168.0;
3,326.295218645,139.579442662,169.0;
3,324.125530949,139.680821088,170.0;
3,322.237867792,139.000579523,171.0;
3,319.318930799,139.599493571,172.0;
3,315.621404075,140.85901711,173.0;
3,310.50922405,140.621005843,174.0;
3,305.314004983,140.106258014,175.0;
3,301.24304101,140.130372146,176.0;
3,298.000110522,140.069979302,177.0;
3,294.984040714,139.117964691,178.0;
3,292.139191035,138.334165689,179.0;
3,289.049885546,138.408355169,180.0;
3,285.88690423,139.763728934,181.0;
3,282.725039593,141.964168719,182.0;
3,279.305885103,144.285731132,183.0;
3,276.191628461,146.331515989,184.0;
3,273.237821342,147.350961352,185.0;
3,270.061855806,147.570600803,186.0;
3,265.947232597,146.085242687,187.0;
3,262.616763124,144.791279044,188.0;
3,259.391341807,143.560926852,189.0;
3,256.023357,142.126088643,190.0;
3,252.711212688,141.029796199,191.0;
3,249.511496574,140.708125418,192.0;
3,246.126666441,141.163877173,193.0;
3,242.778228292,142.19649009,194.0;
3,239.540763573,143.8436659,195.0;
3,236.427184801,145.02673122,196.0;
3,233.71251264,145.982297682,197.0;
3,229.607042944,145.022017503,198.0;
3,225.210148749,144.038536052,199.0;
3,220.713249325,142.917767066,200.0;
3,217.789540823,143.551516997,201.0;
3,215.266983448,144.203022539,202.0;
3,212.584935621,144.175079782,203.0;
3,209.470905577,143.553911095,204.0;
3,206.484613302,143.402039746,205.0;
3,203.52629017,144.072461456,206.0;
3,200.572793771,145.549057635,207.0;
3,197.609909408,147.913196511,208.0;
3,194.632117718,150.039683188,209.0;
3,191.640203765,151.480198098,210.0;
3,188.638278973,152.162034943,211.0;
3,185.631248556,152.24173449,212.0;
3,182.623186898,151.66351527,213.0;
3,179.016643776,150.307198536,214.0;
3,175.312652246,148.647789546,215.0;
3,171.437127405,146.990095229,216.0;
3,167.733180369,145.804361652,217.0;
3,164.308343133,145.49121682,218.0;
3,161.150265066,146.00813934,219.0;
3,157.882672431,147.115499723,220.0;
3,154.663325724,148.82559161,221.0;
3,152.128026879,150.048589248,222.0;
3,148.274972538,150.12083472,223.0;
3,143.805769247,149.309875158,224.0;
3,139.4135154,148.555170262,225.0;
3,135.426339241,147.988191252,226.0;
3,131.92267239,147.373753281,227.0;
3,129.720724132,147.832492164,228.0;
3,127.620244833,148.652937976,229.0;
3,125.082712769,149.162623757,230.0;
3,122.520189493,150.005765617,231.0;
3,119.789927191,151.336425999,232.0;
3,116.895599232,153.114125053,233.0;
3,113.881919774,155.199964009,234.0;
3,111.104960137,156.836043182,235.0;
3,108.962573104,170.694876292,236.0;
3,107.472567359,185.175154997,237.0;
3,107.630797151,187.822608498,238.0;
3,107.741558006,189.675825949,239.0;
3,107.382331124,197.713311471,240.0;
3,107.341757978,201.248842381,241.0;
3,107.790179942,201.344040671,242.0;
3,108.055849457,198.587901139,243.0;
3,100.090103526,184.571608705,244.0;
3,89.4658588885,169.893866679,245.0;
3,85.1261012219,166.625706675,246.0;
3,81.1882708554,164.637994673,247.0;
3,78.1317895987,163.246596271,248.0;
3,67.8087478736,155.940312729,249.0;
3,60.6175700603,152.604312636,250.0;
3,56.6099422693,152.699031299,251.0;
3,54.3070857162,154.050325612,252.0;
3,52.5176437603,155.533965768,253.0;
3,50.4409688873,156.145973156,254.0;
3,47.4033790477,155.890744273,255.0;
3,43.9174501852,155.256222587,256.0;
3,40.606792974,155.17427257,257.0;
3,37.7350587625,155.943069693,258.0;
3,35.0357723258,157.208397961,259.0;
3,32.6548711165,158.682798322,260.0;
3,30.5512999491,159.85093496,261.0;
3,28.6299621085,160.843848388,262.0;
3,26.4902227696,161.440479326,263.0;
3,24.3045108197,161.660068027,264.0;
3,21.8413393146,161.611420013,265.0;
3,19.38321505,161.425207921,266.0;
3,17.0470295488,161.21037509,267.0;
3,15.1665379854,161.635371182,268.0;
3,13.7701628337,163.128172486,269.0;
3,13.047950412,165.310816369,270.0;
3,12.8910443487,167.532284688,271.0;
3,13.6915054226,173.057912928,272.0;
3,14.4399722141,178.177207381,273.0;
3,15.0047208417,182.077938356,274.0;
3,15.0197526543,184.542083729,275.0;
3,13.8630347792,184.921063368,276.0;
3,11.5708837266,184.413815491,277.0;
3,8.45884936821,183.502164652,278.0;
3,6.16687041682,182.858681961,279.0;
3,3.87489146544,182.215199269,280.0;
3,1.58291251405,181.571716578,281.0;
3,-0.70906643733,180.928233887,282.0;
3,-3.00104538871,180.284751196,283.0;
3,-5.2930243401,179.641268505,284.0;
3,-7.58500329148,178.997785814,285.0;
3,-9.87698224287,178.354303122,286.0;
3,-12.1689611943,177.710820431,287.0;
3,-14.4609401456,177.06733774,288.0;
3,-16.752919097,176.423855049,289.0;
3,-19.0448980484,175.780372358,290.0;
3,-21.3368769998,175.136889667,291.0;
3,-23.6288559512,174.493406975,292.0;
3,-25.9208349026,173.849924284,293.0;
3,-28.2128138539,173.206441593,294.0;
3,-30.5047928053,172.562958902,295.0;
3,-32.7967717567,171.919476211,296.0;
3,-35.0887507081,171.27599352,297.0;
3,-37.3807296595,170.632510828,298.0;
3,-39.6727086109,169.989028137,299.0;
3,-41.9646875622,169.345545446,300.0;
3,-44.2566665136,168.702062755,301.0;
3,-46.548645465,168.058580064,302.0;
4,4,336,190.0;
4,4,336,190.0;
4,7.4,338.8,191.0;
4,8.94,339.64,192.0;
4,9.038,339.464,193.0;
4,8.903,339.0248,194.0;
4,8.59262,338.5124,195.0;
4,8.264726,338.692232,196.0;
4,7.7122766,338.8329576,197.0;
4,7.51771302,338.95519496,198.0;
4,7.23415203,337.535297192,199.0;
4,8.5144783478,334.920977172,200.0;
4,11.3376967153,331.837503896,201.0;
4,15.0308978552,327.573007849,202.0;
4,18.7310570511,322.795908021,203.0;
4,21.6930713676,318.533796033,204.0;
4,23.4316008292,314.84822635,205.0;
4,24.0329611121,311.963768477,206.0;
4,24.1411529814,309.457892264,207.0;
4,24.205040653,307.035549596,208.0;
4,24.7875071794,304.209794807,209.0;
4,26.0289365675,300.252825475,210.0;
4,28.7366135173,289.131188026,211.0;
4,31.6613930947,277.928962168,212.0;
4,34.2073074534,270.194185523,213.0;
4,36.4391195564,266.932222366,214.0;
4,38.7347632494,267.243145183,215.0;
4,40.3492852727,269.434044213,216.0;
4,41.4626034348,272.108096174,217.0;
4,42.2657847125,274.057460267,218.0;
4,47.4464622028,276.63416449,219.0;
4,53.6915614246,278.092236087,220.0;
4,59.7290110185,278.324774799,221.0;
4,65.4604399262,276.65055503,222.0;
4,70.2303257337,273.903847651,223.0;
4,74.3015770952,269.85069113,224.0;
4,77.0630678128,264.819743784,225.0;
4,79.5331049834,260.749279887,226.0;
4,82.5377185032,258.275007334,227.0;
4,86.0604952635,257.037912797,228.0;
4,89.9975214807,256.555282529,229.0;
4,93.5829005774,255.760636122,230.0;
4,96.5591587214,254.817868742,231.0;
4,98.9404820145,253.177273136,232.0;
4,101.489497735,251.692448582,233.0;
4,103.909677127,249.7809102,234.0;
4,106.448461534,247.347412054,235.0;
4,108.390829718,245.534751369,236.0;
4,110.333197903,243.722090684,237.0;
4,112.275566087,241.909429999,238.0;
4,114.217934271,240.096769314,239.0;
4,116.160302456,238.284108629,240.0;
4,118.10267064,236.471447944,241.0;
4,120.045038825,234.658787259,242.0;
4,121.987407009,232.846126574,243.0;
4,126.650842635,228.923426123,244.0;
4,131.513147501,224.846623078,245.0;
4,135.742619875,221.223491372,246.0;
4,139.338043238,217.676429861,247.0;
4,142.423589079,215.55420365,248.0;
4,144.901361589,212.941664023,249.0;
4,147.214560182,210.973809186,250.0;
4,149.614165746,208.678620089,251.0;
4,151.918261769,205.756872971,252.0;
4,154.389807481,203.403907613,253.0;
4,157.392523135,201.981231033,254.0;
4,160.651987886,201.44941208,255.0;
4,163.687771296,200.654746325,256.0;
4,166.328989469,199.739499458,257.0;
4,168.882534384,198.734691353,258.0;
4,171.203060596,197.380979063,259.0;
4,173.60975952,195.063845624,260.0;
4,175.918973442,193.269651036,261.0;
4,178.393200144,191.294792797,262.0;
4,180.496535059,189.552226056,263.0;
4,182.705303496,187.232809907,264.0;
4,184.878834912,183.553406287,265.0;
4,187.287515428,179.709054626,266.0;
4,189.681622505,176.851863492,267.0;
4,192.265100617,174.99035195,268.0;
4,194.7629222,174.210413979,269.0;
4,197.083342514,173.638941081,270.0;
4,199.521108836,173.412791577,271.0;
4,201.870769679,173.138822045,272.0;
4,203.780179635,172.049305375,273.0;
4,205.806602505,170.306356642,274.0;
4,207.851682661,168.430652625,275.0;
4,209.895490056,165.808288693,276.0;
4,212.227194783,163.609609831,277.0;
4,214.593878787,161.019851112,278.0;
4,217.184813344,158.14442494,279.0;
4,219.707685227,154.7766358,280.0;
4,222.056495322,152.468748573,281.0;
4,224.817140192,151.914457097,282.0;
4,227.230644869,152.106295025,283.0;
4,229.682239822,152.406087559,284.0;
4,232.297750642,151.828388612,285.0;
4,234.505021535,151.029496163,286.0;
4,236.469787635,149.714447389,287.0;
4,239.807911866,145.832263754,288.0;
4,242.167204351,143.081852343,289.0;
4,244.044935011,141.220340343,290.0;
4,246.284781077,139.780605134,291.0;
4,248.285051795,138.431396082,292.0;
4,250.19108993,136.363676032,293.0;
4,252.368787904,134.291197035,294.0;
4,254.612413914,133.094897568,295.0;
4,256.829616862,132.060296499,296.0;
4,259.275550129,131.16524281,297.0;
4,261.693629725,130.921049614,298.0;
4,263.98741057,131.064828524,299.0;
4,266.135201095,130.788489298,300.0;
4,267.862811504,130.128732114,301.0;
4,269.765942343,128.865797741,302.0;
4,271.752550603,126.77344708,303.0;
4,273.789388072,124.580634468,304.0;
4,276.144776156,122.041694444,305.0;
4,278.846151682,119.789047475,306.0;
4,281.21892254,118.022412829,307.0;
4,283.35075436,116.427270092,308.0;
4,285.313384045,115.722899935,309.0;
4,287.190976817,115.360498664,310.0;
4,289.052774797,115.3238243,311.0;
4,291.241660219,115.179092338,312.0;
4,293.524604398,115.051478431,313.0;
4,296.686655995,111.966630251,314.0;
4,299.91887433,107.827791405,315.0;
4,302.270009272,105.154815886,316.0;
4,304.716442429,102.677697465,317.0;
4,306.720169965,101.114309808,318.0;
4,308.815013195,100.16909217,319.0;
4,310.596221972,99.5558063288,320.0;
4,311.998681175,99.3278566121,321.0;
4,313.684401223,99.0749620515,322.0;
4,315.570460132,99.2138509642,323.0;
4,317.298333487,98.8960275047,324.0;
4,319.348375859,98.4850792161,325.0;
4,321.525821864,98.4288275783,326.0;
4,324.628477942,95.8458314908,327.0;
4,326.942561081,94.9794374942,328.0;
4,328.853381758,94.7196031076,329.0;
4,330.56156208,94.3069990431,330.0;
4,333.132136919,91.8961210158,331.0;
4,335.31730323,90.7730378564,332.0;
4,337.318497525,89.8631214445,333.0;
4,339.516356973,89.3891566782,334.0;
4,341.732905451,88.6825556728,335.0;
4,344.203617182,88.1093946348,336.0;
4,346.354275283,87.7599818485,337.0;
4,348.626532247,87.9267154076,338.0;
4,350.856097762,87.9991401947,339.0;
4,353.302069032,88.6399216248,340.0;
4,356.613274995,87.8523796033,341.0;
4,360.248098836,85.4697373743,342.0;
4,363.299094489,82.6733260088,343.0;
4,366.089887488,80.4122708818,344.0;
4,368.48936082,79.0388895814,345.0;
4,370.265832073,79.119684762,346.0;
4,371.491539636,79.9138120251,347.0;
4,372.650135565,80.3009321658,348.0;
4,374.289914039,80.1394770815,349.0;
4,376.552812334,79.4527981931,350.0;
4,379.056304173,79.5905304854,351.0;
4,381.563620517,79.7341226429,352.0;
4,383.941176336,80.4836623639,353.0;
4,386.447901747,81.2976523931,354.0;
4,388.855213523,81.9360971872,355.0;
4,391.100952601,81.7102410032,356.0;
4,393.192318809,80.8390988794,357.0;
4,395.173480995,80.4730935814,358.0;
4,397.09782676,80.1051262833,359.0;
4,399.310025431,80.1717317628,360.0;
4,401.588250075,79.5243805729,361.0;
4,404.131110856,78.7655249577,362.0;
4,406.941024071,76.3415293241,363.0;
4,409.649909213,75.0552941451,364.0;
4,412.117908497,73.6806259671,365.0;
4,414.329331887,73.633849036,366.0;
4,416.342102695,74.2228532052,367.0;
4,418.240307646,75.6147537066,368.0;
4,420.400822431,75.2143820237,369.0;
4,423.226496879,74.1544345551,370.0;
4,426.129985381,70.9007109884,371.0;
4,428.842142743,68.744440934,372.0;
4,431.561993753,66.1033750607,373.0;
4,433.758991942,65.2775006559,374.0;
4,435.351973024,67.0228608187,375.0;
4,436.752529443,69.254318697,376.0;
4,438.201183383,70.3178122476,377.0;
4,440.120121909,70.8707374516,378.0;
4,442.283495788,71.2539838284,379.0;
4,444.241276255,71.102566004,380.0;
4,446.13490149,70.7311048613,381.0;
4,448.020257235,70.0329993575,382.0;
4,449.63078957,69.3734804424,383.0;
4,450.92868239,69.2070449349,384.0;
4,451.674044948,69.9200093676,385.0;
4,452.816196294,70.2600670144,386.0;
4,454.663590011,70.0828818728,387.0;
4,456.90559709,69.4021089066,388.0;
4,459.605665811,68.0563277298,389.0;
4,462.340231184,66.4680450611,390.0;
4,464.903127685,65.1969150507,391.0;
4,467.223536527,64.7338843317,392.0;
4,469.324845982,64.2037772028,393.0;
4,471.277119321,63.5539351379,394.0;
4,468.658341368,65.7460004457,395.0;
4,469.480656958,67.3995969022,396.0;
4,471.97618288,67.8817157233,397.0;
4,475.279869847,67.662456175,398.0;
4,479.597168388,66.8074322225,399.0;
4,483.159591791,64.6586864312,400.0;
4,486.27305503,61.904130316,401.0;
4,489.105600137,59.0065050093,402.0;
4,490.624369361,58.3621435352,403.0;
4,491.652544092,59.2471437905,404.0;
4,492.958660478,60.4184865479,405.0;
4,495.16083393,60.2856319897,406.0;
4,498.332234241,58.7169691197,407.0;
4,500.761837513,58.0721059414,408.0;
4,502.784337591,57.9522350168,409.0;
4,504.273009862,58.1575261946,410.0;
4,505.935683769,58.4915324436,411.0;
4,507.143503377,59.4107775077,412.0;
4,509.28257148,58.8387525916,413.0;
4,512.386981032,56.8803429648,414.0;
4,515.664835313,54.7747444029,415.0;
4,518.707576529,52.5341756635,416.0;
4,520.747541713,52.9805714969,417.0;
4,522.59556137,53.6356045744,418.0;
4,527.035606422,53.4571659085,419.0;
4,532.532773981,52.9783771194,420.0;
4,537.932666579,53.3558773464,421.0;
4,542.054113124,53.9947493635,422.0;
4,544.648053776,53.4138828585,423.0;
4,545.67216656,53.0609880726,424.0;
4,545.550906413,53.1475100935,425.0;
4,539.719765064,53.717609801,426.0;
4,540.987186991,48.0702870889,427.0;
4,541.314678076,44.3564453243,428.0;
4,541.64216916,40.6426035597,429.0;
4,541.969660245,36.9287617951,430.0;
4,542.297151329,33.2149200305,431.0;
4,542.624642414,29.5010782659,432.0;
4,542.952133498,25.7872365013,433.0;
4,543.279624583,22.0733947367,434.0;
4,550.024980967,25.7516870805,435.0;
4,557.995885491,31.9960921521,436.0;
4,564.840661797,36.8939750326,437.0;
4,570.193092087,40.7490799104,438.0;
4,575.545522377,44.6041847881,439.0;
4,575.828566867,48.6215027661,440.0;
4,574.711644396,48.8696101146,441.0;
4,574.061140269,46.9224515999,442.0;
4,573.680961488,46.6922054158,443.0;
4,575.651011384,45.0632941445,444.0;
4,579.644976366,41.2546473551,445.0;
4,583.8339029,36.2955968406,446.0;
4,587.902887006,34.541673374,447.0;
4,591.626767483,35.6186411554,448.0;
4,594.369181005,39.0808964126,449.0;
4,596.108945516,42.2187262894,450.0;
4,596.794887808,44.4390421851,451.0;
4,597.012344661,45.5682681186,452.0;
4,597.24415841,46.5612641864,453.0;
4,597.47597216,47.5542602543,454.0;
4,598.095450136,44.4830794255,455.0;
4,598.077540768,41.7976175107,456.0;
4,598.124787031,39.7519689796,457.0;
4,599.020423306,38.0944243139,458.0;
4,601.83666956,36.2016489795,459.0;
4,605.956233377,35.1292660575,460.0;
4,608.963669195,34.2216034947,461.0;
4,613.179773509,35.3197586523,462.0;
4,616.574050813,35.651588291,463.0;
4,618.585592891,35.967999933,464.0;
4,619.299802304,36.4535104699,465.0;
4,617.601810976,37.7674836484,466.0;
4,616.694464978,38.1837628798,467.0;
4,616.865790325,37.5091009006,468.0;
4,618.116627035,35.8789239581,469.0;
4,618.666772564,35.4175046412,470.0;
4,621.801493193,37.070558617,471.0;
4,626.368548515,38.3779236031,472.0;
4,630.990276882,38.3717878584,473.0;
4,634.515675397,38.5024099975,474.0;
4,638.041073912,38.6330321366,475.0;
4,641.566472427,38.7636542757,476.0;
5,634,156,198.0;
5,634,156,198.0;
5,636.5,159.1,199.0;
5,636.39,159.09,200.0;
5,634.627,156.301,201.0;
5,632.4367,152.5409,202.0;
5,630.27659,148.95461,203.0;
5,628.735015,145.538089,204.0;
5,627.6406291,142.9249341,205.0;
5,627.12120943,140.88108449,206.0;
5,626.758819963,139.467446741,207.0;
5,626.018588671,138.214273449,208.0;
5,624.739226093,137.756785309,209.0;
5,622.970584265,138.12382777,210.0;
5,620.867792933,138.817176328,211.0;
5,618.304603624,140.112985675,212.0;
5,615.670020669,140.729262634,213.0;
5,612.86044884,141.784769446,214.0;
5,610.203371918,142.391813205,215.0;
5,608.102532142,141.729886277,216.0;
5,606.299403511,140.049436765,217.0;
5,604.311806565,138.315531479,218.0;
5,602.257682568,136.702506335,219.0;
5,599.880375662,135.616560607,220.0;
5,597.460186123,134.808125241,221.0;
5,594.825231589,134.705288874,222.0;
5,591.975096837,135.884325401,223.0;
5,588.665496198,137.654661252,224.0;
5,585.219090829,139.555837403,225.0;
5,582.112140207,141.895978323,226.0;
5,579.483091404,143.753502874,227.0;
5,576.98522031,144.257805875,228.0;
5,574.730255217,143.953186029,229.0;
5,572.377608408,143.274770547,230.0;
5,570.101948009,142.263417535,231.0;
5,567.941071703,141.068571289,232.0;
5,565.586302329,140.721628856,233.0;
5,563.255192874,141.159717591,234.0;
5,560.123421432,142.483520709,235.0;
5,556.657539852,144.479135071,236.0;
5,553.425685806,146.552103995,237.0;
5,550.64516923,148.689419554,238.0;
5,548.320335948,150.227067183,239.0;
5,546.335141964,150.429112387,240.0;
5,544.536296422,149.910688481,241.0;
5,542.489505849,148.823592089,242.0;
5,540.056031607,147.440684166,243.0;
5,537.558717814,146.591677846,244.0;
5,534.854955458,146.522398067,245.0;
5,531.95856012,147.467777893,246.0;
5,528.927353099,149.855568344,247.0;
5,525.828765362,152.570283227,248.0;
5,523.318077235,155.022249922,249.0;
5,521.229391803,156.649566292,250.0;
5,519.400086092,157.391976223,251.0;
5,517.67165251,158.045811967,252.0;
5,515.929100052,158.100048872,253.0;
5,514.111704661,158.144408832,254.0;
5,512.204920031,158.131704113,255.0;
5,509.92384143,158.090346401,256.0;
5,507.246238641,158.343696018,257.0;
5,504.262759033,159.556210839,258.0;
5,501.103693104,161.770604321,259.0;
5,498.187655977,164.450307547,260.0;
5,495.645884631,166.913861391,261.0;
5,493.754562674,168.575847583,262.0;
5,492.159236082,169.356839478,263.0;
5,490.62445181,170.041416675,264.0;
5,489.002615147,169.81401157,265.0;
5,487.233706677,169.515021703,266.0;
5,484.722354198,169.813681735,267.0;
5,482.008184718,171.189374101,268.0;
5,479.066121783,172.99052456,269.0;
5,476.281374876,174.821632432,270.0;
5,473.48875914,177.353428407,271.0;
5,470.937816951,179.759342768,272.0;
5,468.365456919,181.72922569,273.0;
5,465.969916501,183.202761447,274.0;
5,464.076235577,184.275223495,275.0;
5,462.09595301,184.804244133,276.0;
5,459.802046989,185.191392216,277.0;
5,457.448927401,185.358433166,278.0;
5,454.854459307,185.058783475,279.0;
5,452.319397755,185.215695945,280.0;
5,449.656719869,186.407485982,281.0;
5,446.834873087,188.648942048,282.0;
5,443.877571887,191.675432512,283.0;
5,441.433314524,194.534654719,284.0;
5,439.351868624,196.816808928,285.0;
5,437.494773078,198.442444964,286.0;
5,435.726158572,199.237765453,287.0;
5,433.64693322,199.361325909,288.0;
5,431.154364386,199.376575029,289.0;
5,427.998391098,199.887205028,290.0;
5,424.851464372,201.06248452,291.0;
5,422.007804668,203.124395061,292.0;
5,418.95332602,205.626722248,293.0;
5,415.834953212,208.545077688,294.0;
5,412.711576605,211.417636536,295.0;
5,410.217475787,213.737683991,296.0;
5,407.864235625,215.405112728,297.0;
5,405.121719871,216.533543512,298.0;
5,402.134263883,217.026743438,299.0;
5,399.00637992,217.035982102,300.0;
5,395.833106121,216.771800408,301.0;
5,392.379465203,216.423190553,302.0;
5,388.926765335,216.11793949,303.0;
5,385.292294423,216.516334628,304.0;
5,381.460994162,218.025188902,305.0;
5,377.475607533,220.243598181,306.0;
5,374.000133063,222.50257185,307.0;
5,371.193832763,224.156928424,308.0;
5,368.371908077,225.042566715,309.0;
5,365.534934152,225.267456812,310.0;
5,362.347145875,224.763856495,311.0;
5,358.451726512,224.023237629,312.0;
5,354.472842776,223.042449281,313.0;
5,350.401728762,222.822170992,314.0;
5,346.597455436,223.305050693,315.0;
5,342.55172396,224.916150145,316.0;
5,338.422666104,227.220166801,317.0;
5,334.580500517,229.53317276,318.0;
5,331.417957655,231.209831179,319.0;
5,328.638264661,231.794203787,320.0;
5,326.015687773,231.654959463,321.0;
5,323.082965895,231.146693181,322.0;
5,319.39907051,230.263923836,323.0;
5,314.952330762,229.140952806,324.0;
5,310.234550505,227.915441299,325.0;
5,305.55161043,226.991140118,326.0;
5,301.365745276,227.075835025,327.0;
5,297.466567018,227.923547067,328.0;
5,293.701719769,229.538143573,329.0;
5,290.550958169,231.382400287,330.0;
5,287.74328255,232.535759973,331.0;
5,284.77773074,233.042343804,332.0;
5,281.454811734,232.75502136,333.0;
5,277.75572604,231.837815238,334.0;
5,273.467749281,230.246347848,335.0;
5,268.964867483,228.471075669,336.0;
5,265.07238813,227.094443575,337.0;
5,261.113778779,226.298974273,338.0;
5,257.14737506,226.935778153,339.0;
5,253.167871462,228.689086006,340.0;
5,249.775702866,231.131776042,341.0;
5,246.774405708,232.945420691,342.0;
5,243.992333815,233.975252315,343.0;
5,240.976366763,234.298392423,344.0;
5,237.873569856,233.841768853,345.0;
5,234.148875425,232.507199752,346.0;
5,229.744338933,231.10796912,347.0;
5,224.804270375,229.436327995,348.0;
5,219.848721685,228.426763686,349.0;
5,215.132946781,228.910449115,350.0;
5,210.737546671,230.584596185,351.0;
5,206.924360475,232.710123536,352.0;
5,203.648642482,234.795786733,353.0;
5,200.74559336,236.276853573,354.0;
5,198.026031579,236.734269074,355.0;
5,195.03630877,236.539511796,356.0;
5,191.332623717,235.430174653,357.0;
5,186.892077921,234.177100443,358.0;
5,182.493432016,233.46933277,359.0;
5,178.781897985,233.810956353,360.0;
5,175.000145451,234.871416908,361.0;
5,171.162326215,236.918706422,362.0;
5,167.250942627,239.166324881,363.0;
5,163.875322735,240.901746748,364.0;
5,160.857391684,241.89912884,365.0;
5,157.744428458,241.923889312,366.0;
5,154.047617652,241.137543956,367.0;
5,149.985023011,240.141429128,368.0;
5,145.13386403,238.986833251,369.0;
5,140.142410352,237.483682914,370.0;
5,135.330169601,235.956161168,371.0;
5,131.129470684,235.752147087,372.0;
5,127.283416913,236.822340959,373.0;
5,123.895938404,238.547840877,374.0;
5,121.166006453,240.751682204,375.0;
5,118.694082883,242.870395974,376.0;
5,116.229344135,244.350572732,377.0;
5,113.32946096,244.788322806,378.0;
5,109.899866533,244.268498918,379.0;
5,105.725328355,243.087587822,380.0;
5,100.919001603,241.583504775,381.0;
5,96.3085182053,240.329507027,382.0;
5,92.2264327691,240.141596461,383.0;
5,88.7215924049,241.119551464,384.0;
5,85.3712677756,242.716122885,385.0;
5,82.2385563616,244.804010931,386.0;
5,79.2622133157,246.544185395,387.0;
5,76.6672857479,247.637194892,388.0;
5,73.8406320155,247.783609538,389.0;
5,70.5791416013,247.40186326,390.0;
5,66.582130153,246.823600897,391.0;
5,62.2124499022,245.98563774,392.0;
5,57.7301919872,244.66011256,393.0;
5,52.7102776381,243.186189194,394.0;
5,48.0344534167,242.052382918,395.0;
5,44.2870339644,241.703831845,396.0;
5,41.2138502403,242.445646964,397.0;
5,38.8372662924,243.825195221,398.0;
5,36.6486900455,245.163191487,399.0;
5,34.6544279354,246.430039609,400.0;
5,32.7674898906,247.587664259,401.0;
5,30.3112572139,248.343141356,402.0;
5,27.7348400394,248.676991778,403.0;
5,24.6409880114,248.687930152,404.0;
5,21.6217739927,248.515193802,405.0;
5,19.2093529042,248.584511057,406.0;
5,17.2039653395,249.331355845,407.0;
5,15.727917315,250.783436407,408.0;
5,14.9720719194,252.472908056,409.0;
5,14.5160597988,254.416056085,410.0;
5,14.0865174636,256.216044399,411.0;
5,13.8234792153,257.727866311,412.0;
5,13.1220732003,258.645241341,413.0;
5,12.1375467998,259.591208609,414.0;
5,10.6904498476,261.427236041,415.0;
5,8.84055859398,263.424330032,416.0;
5,7.02607425751,265.252376859,417.0;
5,4.84318372214,266.470465098,418.0;
5,3.20219607796,267.47181941,419.0;
5,1.56120843379,268.473173722,420.0;
5,-0.0797792103887,269.474528033,421.0;
5,-1.72076685456,270.475882345,422.0;
5,-3.36175449874,271.477236657,423.0;
5,-5.00274214292,272.478590968,424.0;
5,-6.64372978709,273.47994528,425.0;
5,-8.28471743127,274.481299592,426.0;
5,-9.92570507545,275.482653903,427.0;
5,-11.5666927196,276.484008215,428.0;
5,-13.2076803638,277.485362527,429.0;
5,-14.848668008,278.486716838,430.0;
5,-16.4896556522,279.48807115,431.0;
5,-18.1306432963,280.489425462,432.0;
5,-19.7716309405,281.490779773,433.0;
5,-21.4126185847,282.492134085,434.0;
5,-23.0536062289,283.493488396,435.0;
5,-24.694593873,284.494842708,436.0;
5,-26.3355815172,285.49619702,437.0;
5,-27.9765691614,286.497551331,438.0;
5,-29.6175568056,287.498905643,439.0;
5,-31.2585444497,288.500259955,440.0;
5,-32.8995320939,289.501614266,441.0;
5,-34.5405197381,290.502968578,442.0;
6,5,250,223.0;
6,5,250,223.0;
6,7.2,252.2,224.0;
6,9.2,254.2,225.0;
6,11.2,256.2,226.0;
6,13.2,258.2,227.0;
6,15.2,260.2,228.0;
6,17.2,262.2,229.0;
6,19.2,264.2,230.0;
6,21.2,266.2,231.0;
6,23.2,268.2,232.0;
6,25.2,270.2,233.0;
6,27.2,272.2,234.0;
6,29.2,274.2,235.0;
6,31.2,276.2,236.0;
6,33.2,278.2,237.0;
6,35.2,280.2,238.0;
6,37.2,282.2,239.0;
6,39.2,284.2,240.0;
6,41.2,286.2,241.0;
6,43.2,288.2,242.0;
6,45.2,290.2,243.0;
6,47.2,292.2,244.0;
6,49.2,294.2,245.0;
6,51.2,296.2,246.0;
6,53.2,298.2,247.0;
6,55.2,300.2,248.0;
7,7,152,272.0;
7,7,152,272.0;
7,9.5,155.1,273.0;
7,9.39,155.69,274.0;
7,9.61,156.43,275.0;
7,9.83,157.17,276.0;
7,10.05,157.91,277.0;
7,10.27,158.65,278.0;
7,10.49,159.39,279.0;
7,10.71,160.13,280.0;
7,10.93,160.87,281.0;
7,11.15,161.61,282.0;
7,11.37,162.35,283.0;
7,11.59,163.09,284.0;
7,11.81,163.83,285.0;
7,12.03,164.57,286.0;
7,12.25,165.31,287.0;
7,12.47,166.05,288.0;
7,12.69,166.79,289.0;
7,12.91,167.53,290.0;
7,13.13,168.27,291.0;
7,13.35,169.01,292.0;
7,13.57,169.75,293.0;
7,13.79,170.49,294.0;
7,14.01,171.23,295.0;
7,14.23,171.97,296.0;
7,14.45,172.71,297.0;
7,14.67,173.45,298.0;
8,635,68,373.0;
8,635,68,373.0;
8,639,72,374.0;
8,640.3,73.9,375.0;
8,639.39,73.69,376.0;
8,638.97,73.79,377.0;
8,637.185,72.423,378.0;
8,635.939,71.525,379.0;
8,634.4851,68.6389,380.0;
8,633.24479,65.51657,381.0;
8,631.586571,65.813757,382.0;
8,630.2454599,65.1886049,383.0;
8,629.43061811,63.92948245,384.0;
8,628.822345999,62.422708441,385.0;
8,628.827903657,60.6090108013,386.0;
8,628.535760995,59.1749973147,387.0;
8,628.232863245,57.7264504604,388.0;
8,627.702696062,56.4263871023,389.0;
8,627.223101463,55.8874909752,390.0;
8,626.596522107,55.5749614904,391.0;
8,625.49054192,56.7104549914,392.0;
8,624.183652116,58.5016130543,393.0;
8,622.544044276,60.1542421753,394.0;
8,620.624412373,61.5996115175,395.0;
8,618.827071291,62.2131193546,396.0;
8,617.305521749,62.2412727112,397.0;
8,615.474018351,62.8343076859,398.0;
8,613.465131677,63.1694872735,399.0;
8,611.659220903,63.3131211514,400.0;
8,610.176513435,63.0121446237,401.0;
8,608.70030376,62.580440166,402.0;
8,606.791547364,63.0877712265,403.0;
8,604.656841468,64.1690561015,404.0;
8,602.130627384,66.1506210451,405.0;
8,599.561984378,68.3011359418,406.0;
8,597.717428356,69.6471289391,407.0;
8,596.157945611,69.9326314934,408.0;
8,594.643569415,69.8900287355,409.0;
8,593.328190697,69.3347637199,410.0;
8,591.906249034,68.076776744,411.0;
8,590.274336954,66.832342084,412.0;
8,588.129138581,66.5190497326,413.0;
8,585.474251461,67.3286530853,414.0;
8,582.744209294,69.0765811607,415.0;
8,579.861891264,71.4155097811,416.0;
8,577.163701439,73.9972772654,417.0;
8,575.350152762,74.1637749677,418.0;
8,573.303525785,74.6744321893,419.0;
8,571.218497974,75.0450478642,420.0;
8,569.434072927,75.5408801975,421.0;
8,567.721935939,75.6379174527,422.0;
8,566.575435882,74.626399778,423.0;
8,565.143782521,74.2770859378,424.0;
8,563.144673183,74.8694278435,425.0;
8,560.267556926,75.1550880714,426.0;
8,556.606807022,74.3747349004,427.0;
8,553.61901725,74.5203060506,428.0;
8,551.484910492,75.8865463215,429.0;
8,549.82373398,78.0611388296,430.0;
8,548.639304299,79.4430145385,431.0;
8,547.769804559,79.8016811554,432.0;
8,547.04273552,78.3340973605,433.0;
8,546.324465623,77.2853851216,434.0;
8,544.637873418,77.8239061362,435.0;
8,542.707534695,78.651262309,436.0;
8,540.582585989,80.0652535654,437.0;
8,539.881142357,79.860122742,438.0;
8,539.43923691,79.901617568,439.0;
8,536.037568263,83.5504341028,440.0;
8,531.702866072,87.7906584956,441.0;
8,527.752687667,91.5596129467,442.0;
8,524.184888966,93.4447280732,443.0;
8,521.578850563,93.864763245,444.0;
8,519.62896791,93.3551444975,445.0;
8,518.033501968,92.4574204295,446.0;
8,516.231330529,91.5757656398,447.0;
8,514.301968586,91.5323398912,448.0;
8,511.683014065,92.7896131003,449.0;
8,508.918815876,94.9283866913,450.0;
8,505.971972763,97.5247193625,451.0;
8,502.909027701,100.222238624,452.0;
8,500.097431264,102.495067368,453.0;
8,497.637605131,103.599133949,454.0;
8,495.194325162,103.501636408,455.0;
8,492.915563837,102.496612319,456.0;
8,490.801410898,101.284679626,457.0;
8,488.809118418,100.271980615,458.0;
8,486.583063841,99.3341542092,459.0;
8,483.724876679,99.9220913275,460.0;
8,480.515823932,101.651592369,461.0;
8,477.164640171,104.390698936,462.0;
8,473.825170821,107.16301689,463.0;
8,470.580523571,109.193130553,464.0;
8,467.752584983,110.279780261,465.0;
8,465.373267278,110.255561229,466.0;
8,462.743799871,109.955552652,467.0;
8,460.217910156,109.239104159,468.0;
8,457.586755276,108.815725922,469.0;
8,455.100752171,108.626545369,470.0;
8,452.522394868,109.217702464,471.0;
8,449.482692112,110.612147796,472.0;
8,446.23495862,112.613878755,473.0;
8,442.935138623,114.655239616,474.0;
8,439.984103383,116.148039398,475.0;
8,437.175656769,117.245517032,476.0;
8,434.397255905,117.496270079,477.0;
8,431.578064886,116.947661565,478.0;
8,428.689021045,115.53404879,479.0;
8,425.732011022,113.783572951,480.0;
8,422.725762544,112.639577513,481.0;
8,419.393565134,112.692649915,482.0;
8,416.00520765,113.622281482,483.0;
8,412.38637347,115.661081974,484.0;
8,408.539369227,117.370928937,485.0;
8,404.824810852,118.192001712,486.0;
8,402.27020734,119.541882021,487.0;
8,399.529375465,119.476925669,488.0;
8,396.996871994,119.096549437,489.0;
8,394.419483332,118.298435894,490.0;
8,391.707080015,117.513898978,491.0;
8,388.544293353,117.54094457,492.0;
8,385.211616551,118.835444514,493.0;
8,381.570297238,121.283148908,494.0;
8,377.662881141,124.220244653,495.0;
8,373.88237903,126.887754661,496.0;
8,370.6758793,129.270744053,497.0;
8,366.904510833,129.294824659,498.0;
8,364.037371675,129.091655387,499.0;
8,361.522057111,128.694050194,500.0;
8,359.077746106,127.690938236,501.0;
8,356.228717956,126.689551598,502.0;
8,353.153795523,125.949491665,503.0;
8,349.671852125,126.14819027,504.0;
8,346.127282269,127.940932018,505.0;
8,342.38922976,130.900225073,506.0;
8,339.074720617,133.923370664,507.0;
8,336.039168137,136.156255823,508.0;
8,333.169075032,137.366044998,509.0;
8,330.057863385,137.388355236,510.0;
8,326.580540383,135.879876608,511.0;
8,323.062299002,133.726360659,512.0;
8,319.655886088,132.411537955,513.0;
8,316.117764473,132.428237373,514.0;
8,312.685797606,134.00624733,515.0;
8,309.125588783,137.1283086,516.0;
8,305.679218758,141.043302675,517.0;
8,302.412654667,144.864440662,518.0;
8,299.616088563,147.559523362,519.0;
8,296.689828518,148.9232936,520.0;
8,293.711767478,148.886948597,521.0;
8,290.698993752,148.115988761,522.0;
8,287.670102089,146.834094174,523.0;
8,284.339696215,145.63936872,524.0;
8,280.96634791,146.004086599,525.0;
8,277.366022402,147.887266095,526.0;
8,273.534674293,150.611157428,527.0;
8,269.830104036,153.917635644,528.0;
8,266.379717643,156.870678177,529.0;
8,263.188774675,158.818005669,530.0;
8,260.192765198,159.695827591,531.0;
8,256.704880939,159.746492694,532.0;
8,252.24839671,154.520777051,533.0;
8,248.648182397,152.538974257,534.0;
8,244.963534959,152.329031386,535.0;
8,241.489613304,154.065915218,536.0;
8,238.256917718,156.921432207,537.0;
8,234.919809583,160.780949347,538.0;
8,231.351878536,164.939232115,539.0;
8,228.14234873,168.063670115,540.0;
8,225.148001369,169.796801166,541.0;
8,222.272686491,170.300186251,542.0;
8,217.931611672,168.784033473,543.0;
8,213.618390738,167.291139215,544.0;
8,209.622205423,166.119422234,545.0;
8,206.062568237,166.032210944,546.0;
8,202.892903671,167.394997776,547.0;
8,199.68573656,169.99545898,548.0;
8,196.551431472,173.09289792,549.0;
8,193.19284844,176.483310267,550.0;
8,189.841901348,179.636280512,551.0;
8,186.586476626,181.756510916,552.0;
8,183.450954859,182.747147104,553.0;
8,179.517814406,182.547645122,554.0;
8,174.000624007,176.973536281,555.0;
8,168.150835142,170.778915897,556.0;
8,162.59573624,166.107410348,557.0;
8,159.109989433,168.563440551,558.0;
8,156.749373968,174.592322921,559.0;
8,154.852592076,182.134493089,560.0;
8,152.628720277,189.00314018,561.0;
8,150.059884797,193.628766104,562.0;
8,147.185766881,196.095637434,563.0;
8,144.107961459,196.372219647,564.0;
8,140.636320444,195.690328577,565.0;
8,137.106758159,194.308984148,566.0;
8,130.682446159,187.83509539,567.0;
8,126.027395437,186.272592883,568.0;
8,122.213444219,187.44671733,569.0;
8,118.82213604,190.108080515,570.0;
8,115.80924809,193.170342964,571.0;
8,112.711626334,196.520920765,572.0;
8,109.631935304,199.341804935,573.0;
8,106.583005148,201.392630787,574.0;
8,103.264022922,202.139009259,575.0;
8,99.6167469161,201.700838796,576.0;
8,95.6939181544,200.75324525,577.0;
8,91.2967153277,199.466749099,578.0;
8,86.1771357596,198.064956489,579.0;
8,81.3241159039,197.30306394,580.0;
8,77.1021546497,197.957607488,581.0;
8,73.5512961385,200.315173928,582.0;
8,70.8194783761,203.453465913,583.0;
8,68.4365960515,206.133008288,584.0;
8,66.0886669762,207.858969862,585.0;
8,63.2907732803,208.90217618,586.0;
8,60.2283517577,209.251805911,587.0;
8,56.434024248,208.822129024,588.0;
8,51.9163545381,207.807756421,589.0;
8,47.1682073207,206.769691093,590.0;
8,42.4855109755,206.588254826,591.0;
8,38.0169681686,207.453704261,592.0;
8,34.0901724729,209.200392837,593.0;
8,30.7077220403,211.806436302,594.0;
8,28.0295420676,214.696147204,595.0;
8,25.9220803453,217.213387036,596.0;
8,23.562160891,218.827560712,597.0;
8,20.334444165,219.816332186,598.0;
8,17.9599673155,221.357797843,599.0;
8,16.0406687777,222.947991172,600.0;
8,14.0552877144,225.012021731,601.0;
8,12.0690995132,228.484753194,602.0;
8,10.6788682471,232.203446983,603.0;
8,9.98383299381,235.613019289,604.0;
8,10.1588166736,239.382994766,605.0;
8,10.7355151991,242.174602393,606.0;
8,11.0872324217,243.992506042,607.0;
8,10.9615136367,245.352480515,608.0;
8,10.0411175715,245.722421286,609.0;
8,8.39500520644,246.081758583,610.0;
8,6.25048092833,247.461730238,611.0;
8,4.66346041603,248.420663575,612.0;
8,3.07643990372,249.379596913,613.0;
8,1.48941939142,250.338530251,614.0;
8,-0.0976011208787,251.297463588,615.0;
8,-1.68462163318,252.256396926,616.0;
8,-3.27164214548,253.215330263,617.0;
8,-4.85866265778,254.174263601,618.0;
8,-6.44568317008,255.133196938,619.0;
8,-8.03270368239,256.092130276,620.0;
8,-9.61972419469,257.051063613,621.0;
8,-11.206744707,258.009996951,622.0;
8,-12.7937652193,258.968930288,623.0;
8,-14.3807857316,259.927863626,624.0;
8,-15.9678062439,260.886796963,625.0;
8,-17.5548267562,261.845730301,626.0;
8,-19.1418472685,262.804663638,627.0;
8,-20.7288677808,263.763596976,628.0;
8,-22.3158882931,264.722530313,629.0;
8,-23.9029088054,265.681463651,630.0;
8,-25.4899293177,266.640396988,631.0;
8,-27.07694983,267.599330326,632.0;
9,634,49,382.0;
9,634,49,382.0;
9,638,53,383.0;
9,642,57,384.0;
9,646,61,385.0;
9,650,65,386.0;
9,654,69,387.0;
9,658,73,388.0;
9,662,77,389.0;
9,666,81,390.0;
9,670,85,391.0;
9,674,89,392.0;
9,678,93,393.0;
9,682,97,394.0;
9,686,101,395.0;
9,690,105,396.0;
9,694,109,397.0;
9,698,113,398.0;
9,702,117,399.0;
9,706,121,400.0;
9,710,125,401.0;
9,714,129,402.0;
9,718,133,403.0;
9,722,137,404.0;
9,726,141,405.0;
9,730,145,406.0;
10,583,5,444.0;
10,583,5,444.0;
10,587,9,445.0;
10,589.8,10.3,446.0;
10,592.2,11.7,447.0;
10,594.6,13.1,448.0;
10,597.9,11.65,449.0;
10,601.194,8.809,450.0;
10,603.726,6.811,451.0;
10,606.4806,4.5691,452.0;
10,608.6546,2.8081,453.0;
10,611.18002,1.93297,454.0;
10,612.50745,1.980325,455.0;
10,612.5588738,2.8319593,456.0;
10,612.52236394,3.87256509,457.0;
10,612.366103794,4.748437409,458.0;
10,612.783411126,5.9043321813,459.0;
10,613.633416339,6.23650688665,460.0;
10,614.46473101,6.40103293112,461.0;
10,616.269437163,6.98889895393,462.0;
10,618.290018947,6.68099019868,463.0;
10,620.166139819,6.67150384409,464.0;
10,622.633571155,6.15160048605,465.0;
10,625.230604203,5.56103847918,466.0;
10,627.144985617,6.28445375074,467.0;
10,628.779342948,7.09560832763,468.0;
10,630.051953887,7.7849967255,469.0;
10,631.051108003,8.22695507968,470.0;
10,631.597346226,8.4154434373,471.0;
10,631.747929613,9.91298162387,472.0;
10,632.23779461,10.0542277861,473.0;
10,633.01029241,9.59922641262,474.0;
10,633.400215151,8.92862677617,475.0;
10,634.114515947,7.11164801795,476.0;
10,634.635357495,5.83587346954,477.0;
10,635.156199043,4.56009892114,478.0;
10,635.677040591,3.28432437273,479.0;
10,636.197882139,2.00854982432,480.0;
10,636.718723687,0.732775275918,481.0;
10,637.239565235,-0.542999272488,482.0;
10,637.760406783,-1.81877382089,483.0;
10,638.281248331,-3.0945483693,484.0;
10,638.802089878,-4.37032291771,485.0;
10,639.322931426,-5.64609746611,486.0;
10,639.843772974,-6.92187201452,487.0;
10,640.364614522,-8.19764656292,488.0;
10,640.88545607,-9.47342111133,489.0;
10,641.406297618,-10.7491956597,490.0;
10,641.927139166,-12.0249702081,491.0;
10,642.447980714,-13.3007447565,492.0;
10,642.968822262,-14.576519305,493.0;
10,643.48966381,-15.8522938534,494.0;
10,644.010505358,-17.1280684018,495.0;
11,4,119,516.0;
11,4,119,516.0;
11,8,123,517.0;
11,10.5,124.0,518.0;
11,11.29,122.44,519.0;
11,10.277,118.392,520.0;
11,9.1977,115.4032,521.0;
11,7.98189,112.72464,522.0;
11,7.045745,109.83624,523.0;
11,6.5096101,106.2413136,524.0;
11,6.93687593,103.08541328,525.0;
11,8.612557053,100.435901648,526.0;
11,9.2316736481,96.7388407056,527.0;
11,9.55814379285,92.7963879944,528.0;
11,9.89584968777,88.9615535976,529.0;
11,10.4120440701,86.0040424,530.0;
11,11.453981466,83.7467851053,531.0;
11,13.3394312265,82.548556893,532.0;
11,17.4870309735,81.6549243018,533.0;
11,22.1030587787,81.8442097323,534.0;
11,26.3012390672,82.810715043,535.0;
11,29.9938978712,83.3211721058,536.0;
11,32.923373355,83.2235233135,537.0;
11,35.7838025536,82.8507239282,538.0;
11,37.1018542409,81.2207680512,539.0;
11,37.8934810831,79.4705930667,540.0;
11,38.7044870332,78.1081408781,541.0;
11,40.1354837366,77.3170510241,542.0;
11,42.021616119,77.0516074397,543.0;
11,44.7922300622,74.149541098,544.0;
11,48.0777940542,70.9255032612,545.0;
11,52.4774834357,69.5594112247,546.0;
11,56.717163796,70.3289527658,547.0;
11,60.2849222108,71.9743683097,548.0;
11,63.3687871483,73.3824652538,549.0;
11,66.4598668547,74.6315585765,550.0;
11,67.9913061081,74.5268456073,551.0;
11,68.9311725019,73.8112264867,552.0;
11,69.8153928319,72.9395608926,553.0;
11,70.9585540804,72.2071423278,554.0;
11,72.7695003187,71.4431309263,555.0;
11,76.1635601293,71.2000705006,556.0;
11,80.5217079896,69.7719383321,557.0;
11,84.7266267141,67.9514803514,558.0;
11,88.2724582541,66.1246389908,559.0;
11,91.0472847705,65.1092016913,560.0;
11,93.7888935793,64.7721643638,561.0;
11,96.8390821816,65.2026607258,562.0;
11,98.5090264317,64.7110468999,563.0;
11,99.9518483395,61.8908709633,564.0;
11,101.07234804,60.5799459884,565.0;
11,101.981017381,60.5150420455,566.0;
11,103.694807694,58.7247849056,567.0;
11,106.753880268,54.9537968318,568.0;
11,113.77095204,57.2940563342,569.0;
11,120.020064702,60.7481470087,570.0;
11,123.99435097,61.9479195641,571.0;
11,126.601420028,63.6533331085,572.0;
11,129.145009493,65.8584980851,573.0;
11,131.391717125,65.5501809699,574.0;
11,131.608026947,63.2944763332,575.0;
11,130.491073441,64.85471789,576.0;
11,129.257900383,67.5862265104,577.0;
11,128.540269371,70.5634524452,578.0;
11,133.357925968,67.7642013329,579.0;
11,140.54275291,63.4379283634,580.0;
11,147.325140242,59.0413541261,581.0;
11,152.078740684,56.3885204804,582.0;
11,155.360284354,54.7219183139,583.0;
11,158.044274877,56.820922339,584.0;
11,160.435798102,60.122924785,585.0;
11,162.821743602,62.9400857106,586.0;
11,162.364219745,65.0932735442,587.0;
11,160.713309251,66.2748076095,588.0;
11,159.12333897,66.6050167076,589.0;
11,158.24088748,65.7726294586,590.0;
11,165.744083901,63.9856089399,591.0;
11,174.952412082,62.208619125,592.0;
11,182.721448723,60.8992638562,593.0;
11,187.364532573,58.0922163031,594.0;
11,188.789881061,55.7562934345,595.0;
11,188.982707138,55.1515403351,596.0;
11,189.815185885,56.1534781124,597.0;
11,189.089425654,58.0146589584,598.0;
11,187.879749254,59.533108903,599.0;
11,186.713595664,60.5048325572,600.0;
11,186.175014781,60.9177413387,601.0;
11,190.287905644,52.5103575082,602.0;
11,196.576269059,43.3695296111,603.0;
11,203.787922617,39.3745882898,604.0;
11,209.141588728,26.8600281945,605.0;
11,212.102828682,15.0282672106,606.0;
11,213.554387598,7.17513158484,607.0;
11,214.003119816,3.51184142236,608.0;
11,214.033598706,3.14732016156,609.0;
11,214.681931221,4.72488501351,610.0;
11,216.887695311,9.67985122709,611.0;
11,219.192122421,12.1778709876,612.0;
11,221.552649773,13.3105155968,613.0;
11,224.150856149,13.3440625227,614.0;
11,226.986629121,12.7533925453,615.0;
11,229.698138414,11.6667352962,616.0;
11,231.85506763,10.6248560597,617.0;
11,233.400630407,9.87894111172,618.0;
11,235.961981657,9.19270405181,619.0;
11,239.086223126,9.05830824479,620.0;
11,241.893380336,9.22788644921,621.0;
11,244.053109486,9.52359976689,622.0;
11,245.548749344,9.8130632854,623.0;
11,246.543632835,9.42376640156,624.0;
11,250.859423053,13.6355808822,625.0;
11,255.992815581,18.688945962,626.0;
11,259.81340478,22.4281492237,627.0;
11,263.633993979,26.1673524853,628.0;
11,267.318208224,29.9345890229,629.0;
11,269.298634063,30.261248338,630.0;
11,270.410027677,29.7162529865,631.0;
11,271.379715578,29.4354711618,632.0;
11,273.744582435,32.1082825359,633.0;
11,275.315316442,28.1969034461,634.0;
11,276.412945211,22.5753362598,635.0;
11,277.520251567,17.4576712079,636.0;
11,279.165077719,14.2527842648,637.0;
11,281.163260157,12.9123236678,638.0;
11,283.359794681,12.9644615799,639.0;
11,286.816307398,10.4828987999,640.0;
11,290.739714596,9.76766995508,641.0;
11,294.384496832,9.94754761369,642.0;
11,297.745605708,10.8819167229,643.0;
11,299.653969194,14.9558650762,644.0;
11,300.892620756,19.0287512342,645.0;
11,302.254184234,22.3820921618,646.0;
11,304.710571881,23.5206191192,647.0;
11,306.641400274,20.8428332443,648.0;
11,307.215900103,19.4441365109,649.0;
11,308.46148598,17.0053908473,650.0;
11,310.459027717,14.8582916554,651.0;
11,312.838303883,13.4327602776,652.0;
11,316.532739526,12.4819450338,653.0;
11,319.76311121,14.1841827885,654.0;
11,322.193710438,16.6495484061,655.0;
11,323.804481292,19.5012705664,656.0;
11,324.197347834,19.6479046289,657.0;
11,324.637203801,20.0308064291,658.0;
11,325.077059769,20.4137082293,659.0;
11,325.961841015,25.0576270207,660.0;
11,326.610342642,28.2046264549,661.0;
11,327.258844268,31.3516258892,662.0;
11,327.907345895,34.4986253235,663.0;
11,328.555847522,37.6456247577,664.0;
11,329.204349148,40.792624192,665.0;
11,329.852850775,43.9396236263,666.0;
11,337.550946681,42.8606361424,667.0;
11,345.838634251,39.0926377544,668.0;
11,352.941694385,34.578472841,669.0;
11,358.506525029,31.2287679297,670.0;
11,364.071355673,27.8790630185,671.0;
11,369.636186316,24.5293581072,672.0;
11,375.20101696,21.179653196,673.0;
11,378.436093322,14.2809637993,674.0;
11,378.834351822,8.26464714934,675.0;
11,379.340445108,4.30670156654,676.0;
11,379.83534162,2.53050963288,677.0;
11,381.655294845,2.73790964547,678.0;
11,383.544091992,4.5621971447,679.0;
11,384.680354476,7.03762688665,680.0;
11,385.739769303,9.19408455161,681.0;
11,388.200701588,10.0112388606,682.0;
11,390.266641254,10.5459231698,683.0;
11,392.214240741,10.4034063589,684.0;
11,394.709193861,9.35871129142,685.0;
11,397.601977205,8.16041711788,686.0;
11,400.145421804,7.48766393005,687.0;
11,402.09194111,7.54412952305,688.0;
11,403.758087233,7.95427657914,689.0;
11,405.354026381,8.45584701997,690.0;
11,407.315705445,8.87820624165,691.0;
11,408.788803293,9.20913397565,692.0;
11,410.261901141,9.54006170965,693.0;
11,411.734998989,9.87098944366,694.0;
11,413.208096837,10.2019171777,695.0;
11,414.681194685,10.5328449117,696.0;
11,416.154292533,10.8637726457,697.0;
11,417.627390381,11.1947003797,698.0;
11,422.07034176,11.0679396796,699.0;
11,426.960105675,9.81928937083,700.0;
11,430.748745992,9.58702996152,701.0;
11,432.335710611,9.52433690231,702.0;
11,433.257126039,9.31290119455,703.0;
11,433.446265909,9.41314288762,704.0;
11,437.076155099,8.12186108496,705.0;
11,441.76909272,7.78705939338,706.0;
11,446.057173681,10.6149350038,707.0;
11,448.963633862,11.4186622447,708.0;
11,450.940706759,11.5398973159,709.0;
11,452.403283824,11.2074156537,710.0;
11,453.717473186,9.50729785288,711.0;
11,455.426876201,7.94333444268,712.0;
11,457.393154077,6.52224797787,713.0;
11,459.512049627,6.49065508333,714.0;
11,461.385498232,7.42539274072,715.0;
11,462.594399911,10.7182437163,716.0;
11,464.616840874,10.8954968964,717.0;
11,466.969029186,9.72192948414,718.0;
11,469.114307053,8.09703006743,719.0;
11,470.77991832,6.91694082363,720.0;
12,3,354,591.0;
12,3,354,591.0;
12,6.4,356.5,592.0;
12,8.54,356.99,593.0;
12,10.238,356.227,594.0;
12,10.827,354.9607,595.0;
12,10.98182,353.44179,596.0;
12,10.513246,352.216335,597.0;
12,10.7574006,351.4738331,598.0;
12,13.01720302,351.19483543,599.0;
12,17.07821959,350.947939523,600.0;
12,22.0920517758,351.723213539,601.0;
12,25.8226633402,352.213330668,602.0;
12,29.5532749046,352.703447798,603.0;
12,33.283886469,353.193564927,604.0;
12,37.0144980334,353.683682057,605.0;
12,40.7451095978,354.173799186,606.0;
12,44.4757211622,354.663916315,607.0;
12,48.2063327266,355.154033445,608.0;
12,51.936944291,355.644150574,609.0;
12,55.6675558554,356.134267704,610.0;
12,59.3981674198,356.624384833,611.0;
12,63.1287789842,357.114501963,612.0;
12,66.8593905486,357.604619092,613.0;
12,70.590002113,358.094736221,614.0;
12,74.3206136774,358.584853351,615.0;
12,78.0512252418,359.07497048,616.0;
12,81.7818368062,359.56508761,617.0;
12,85.5124483706,360.055204739,618.0;
12,89.243059935,360.545321868,619.0;
12,92.9736714994,361.035438998,620.0;
12,96.7042830638,361.525556127,621.0;
12,100.434894628,362.015673257,622.0;
12,104.165506193,362.505790386,623.0;
12,107.896117757,362.995907515,624.0;
12,111.626729321,363.486024645,625.0;
13,634,26,601.0;
13,634,26,601.0;
13,636.8,28.8,602.0;
13,637.34,29.04,603.0;
13,635.914,28.164,604.0;
13,633.8378,25.6508,605.0;
13,631.6373,23.0342,606.0;
13,629.379322,21.340012,607.0;
13,627.7562306,19.9628636,608.0;
13,626.31067946,20.10131596,609.0;
13,624.520394162,21.232507132,610.0;
13,623.17504559,21.97931762,611.0;
13,620.980787913,23.4082896756,612.0;
13,619.536998756,22.8223587111,613.0;
13,617.948857152,21.8004241061,614.0;
13,616.212794994,20.4600304597,615.0;
13,614.025273487,19.3298020982,616.0;
13,611.673690337,18.6111256702,617.0;
13,609.021644285,18.3097741963,618.0;
13,606.410870982,18.0204760799,619.0;
13,603.982011477,17.8531453539,620.0;
13,601.46652717,18.6976223553,621.0;
13,599.376558894,18.8691476638,622.0;
13,597.808271347,18.7392234439,623.0;
13,596.37987977,18.4742677854,624.0;
13,594.881211747,18.8025829924,625.0;
13,593.2128426,18.9977679303,626.0;
13,590.763216802,20.0076518337,627.0;
13,587.772989986,20.7911973428,628.0;
13,584.777485573,21.5842715188,629.0;
13,582.037856853,22.1364824624,630.0;
13,579.633821988,22.1102351507,631.0;
13,577.522768746,21.8068755169,632.0;
13,575.304659057,22.3272064876,633.0;
13,573.723306276,21.8535181444,634.0;
13,572.009689087,22.0063379547,635.0;
13,570.187544299,22.3502691802,636.0;
13,567.658381699,23.3118006797,637.0;
13,564.950871402,24.2891901426,638.0;
13,562.027439071,24.7213388048,639.0;
13,559.563182807,23.8757939664,640.0;
13,556.836771769,23.8545824256,641.0;
13,554.232420928,23.5405125321,642.0;
13,551.853555016,22.9241001334,643.0;
13,549.699465801,23.5386431554,644.0;
13,547.711314732,23.9227400274,645.0;
13,546.113008303,23.5579218685,646.0;
13,544.588574544,22.9485640138,647.0;
13,542.981862258,22.0606969715,648.0;
13,540.32681919,21.8877102153,649.0;
13,537.675022083,22.6800329758,650.0;
13,535.154509961,23.726925148,651.0;
13,532.542850583,24.3441842259,652.0;
13,530.07918018,24.6003614108,653.0;
13,527.818937907,23.9877266676,654.0;
13,525.740278379,23.4278422778,655.0;
13,523.783756664,23.0030680273,656.0;
13,521.584327771,22.7643967599,657.0;
13,519.040722371,22.9919976926,658.0;
13,516.78571553,23.3815348148,659.0;
13,514.418625662,24.0604765514,660.0;
13,512.124212663,24.9849600206,661.0;
13,509.647046092,26.0665811579,662.0;
13,507.231600828,26.9149778938,663.0;
13,504.058735265,28.0121858135,664.0;
13,500.886659381,28.883453937,665.0;
13,498.319765447,28.8016660626,666.0;
13,495.899165827,29.4874316766,667.0;
13,493.709846926,30.2647281846,668.0;
13,491.69926814,29.991184901,669.0;
13,489.491534304,29.020292588,670.0;
13,486.967404436,27.9513168198,671.0;
13,484.142366557,27.1053480165,672.0;
13,481.40333004,26.9042150023,673.0;
13,478.90460378,25.8764846138,674.0;
13,476.370120092,25.1130695966,675.0;
13,473.994578002,24.3561590919,676.0;
13,471.205684152,23.8396878454,677.0;
13,468.470425716,23.5921451075,678.0;
13,465.956370306,22.6595634463,679.0;
13,463.399842997,22.0058312201,680.0;
13,461.004228524,21.6382250561,681.0;
13,458.501585004,21.8264270897,682.0;
13,456.109692531,22.5369491852,683.0;
13,453.581712688,23.3152347705,684.0;
13,450.554798677,25.129113658,685.0;
13,447.295479175,26.5913162839,686.0;
13,444.573435668,27.8164075206,687.0;
13,442.599998031,27.9501926578,688.0;
13,441.298873466,28.4180622436,689.0;
13,437.452536608,26.7313730283,690.0;
13,433.62092845,24.5566700804,691.0;
13,427.493786484,21.7741022087,692.0;
13,423.614202498,19.7945976262,693.0;
13,421.501942816,19.0394796773,694.0;
13,420.368572262,19.1263489097,695.0;
13,419.558055963,19.9621449634,696.0;
13,418.919072286,20.660033063,697.0;
13,417.982282632,20.5392418024,698.0;
13,415.102286942,21.8713958278,699.0;
13,411.56289475,23.7308391668,700.0;
13,408.054482488,24.1621092533,701.0;
13,404.355606174,23.8414720959,702.0;
13,401.071777833,22.8831325428,703.0;
13,398.054171726,23.0568479319,704.0;
13,395.790227657,22.7593480876,705.0;
13,393.676959787,21.7953176719,706.0;
13,391.117520236,21.6886780445,707.0;
13,388.533678826,21.0699035616,708.0;
13,386.087971141,20.4452149251,709.0;
13,383.235502341,20.2796334082,710.0;
13,380.456889205,20.3742030726,711.0;
13,377.322074655,19.6898692858,712.0;
13,374.062839097,18.8672763508,713.0;
13,371.101329019,17.8811324561,714.0;
13,368.556537831,16.7997974364,715.0;
13,366.086754929,15.986302492,716.0;
13,363.821120223,15.8343066751,717.0;
13,361.738873529,16.3522692822,718.0;
13,359.480708263,17.0707383288,719.0;
13,356.931151566,17.4146890294,720.0;
13,354.101300408,17.7994822741,721.0;
13,351.070245654,17.7671010998,722.0;
13,347.934591121,17.2495213563,723.0;
13,344.775630892,16.9348011473,724.0;
13,341.944949131,16.475509532,725.0;
13,339.214080571,16.3946737491,726.0;
13,336.769133229,16.2067905359,727.0;
13,334.299988078,16.3478103972,728.0;
13,331.979269893,16.5963508162,729.0;
13,329.825057537,17.4404822387,730.0;
13,327.504183658,18.3186704532,731.0;
13,324.013406535,20.7876015355,732.0;
13,321.915085647,22.9654265424,733.0;
13,319.522103681,23.2539976452,734.0;
13,316.286286823,26.469558075,735.0;
13,313.885421156,28.6688383089,736.0;
13,310.439188841,29.7076829799,737.0;
13,307.82158521,30.6934834585,738.0;
13,305.203981578,31.679283937,739.0;
13,302.586377946,32.6650844156,740.0;
13,299.968774314,33.6508848941,741.0;
13,297.351170682,34.6366853727,742.0;
13,294.733567051,35.6224858512,743.0;
13,292.115963419,36.6082863297,744.0;
13,289.498359787,37.5940868083,745.0;
13,286.880756155,38.5798872868,746.0;
13,284.263152523,39.5656877654,747.0;
13,281.645548892,40.5514882439,748.0;
13,279.02794526,41.5372887225,749.0;
13,276.410341628,42.523089201,750.0;
14,631,5,610.0;
14,631,5,610.0;
14,631.4,12.0,611.0;
14,630.94,13.54,612.0;
14,630.74,15.26,613.0;
14,630.54,16.98,614.0;
14,630.34,18.7,615.0;
14,630.14,20.42,616.0;
14,629.94,22.14,617.0;
14,629.74,23.86,618.0;
14,629.54,25.58,619.0;
14,629.34,27.3,620.0;
14,629.14,29.02,621.0;
14,628.94,30.74,622.0;
14,628.74,32.46,623.0;
14,628.54,34.18,624.0;
14,628.34,35.9,625.0;
14,628.14,37.62,626.0;
14,627.94,39.34,627.0;
14,627.74,41.06,628.0;
14,627.54,42.78,629.0;
14,627.34,44.5,630.0;
14,627.14,46.22,631.0;
14,626.94,47.94,632.0;
14,626.74,49.66,633.0;
14,626.54,51.38,634.0;
14,626.34,53.1,635.0;
14,626.14,54.82,636.0;
15,3,321,663.0;
15,3,321,663.0;
15,6.7,322.6,664.0;
15,9.49,322.64,665.0;
15,11.225,321.716,666.0;
15,12.4781,320.1924,667.0;
15,12.75553,318.46916,668.0;
15,12.754453,316.522164,669.0;
15,12.5576921,314.4360836,670.0;
15,12.60250605,312.29449684,671.0;
15,12.730950289,309.858639076,672.0;
15,13.1728319877,306.811312568,673.0;
15,14.2353494222,302.873868456,674.0;
15,16.1891683357,299.361693955,675.0;
15,19.51412316,296.740835806,676.0;
15,23.44242584,295.340537933,677.0;
15,27.1672446224,294.687831261,678.0;
15,30.3296595387,294.363479397,679.0;
15,33.4749004118,294.34733771,680.0;
15,36.5327611936,293.907990561,681.0;
15,39.8266453211,292.825878611,682.0;
15,43.436292649,291.145167481,683.0;
15,47.3242590639,289.046225702,684.0;
15,51.0972128996,287.038799624,685.0;
15,54.9047916937,285.644553118,686.0;
15,59.381789978,285.256191264,687.0;
15,64.029643623,285.492098897,688.0;
15,68.6047343222,286.316261458,689.0;
15,72.3895541899,286.915564513,690.0;
15,75.8677692265,286.973127451,691.0;
15,79.0099496481,286.452349559,692.0;
15,82.2269837757,285.483103054,693.0;
15,85.3895071055,283.354718217,694.0;
15,88.7792483227,280.690595972,695.0;
15,92.1548988405,277.599132562,696.0;
15,95.7249894319,275.192138586,697.0;
15,99.8157429108,274.094265928,698.0;
15,104.734471702,274.574948097,699.0;
15,109.797997183,275.734643607,700.0;
15,114.366092184,277.273065755,701.0;
15,117.949041417,278.283585061,702.0;
15,121.168742219,278.775743757,703.0;
15,124.387901691,278.24965925,704.0;
15,127.509776556,277.070140521,705.0;
15,131.145484576,275.271373497,706.0;
15,134.823655077,273.073506855,707.0;
15,138.349280238,271.003589753,708.0;
15,141.952817466,269.58350284,709.0;
15,146.303065773,269.49654343,710.0;
15,151.200407723,270.398744869,711.0;
15,156.130813208,271.580304009,712.0;
15,160.237828845,272.611098085,713.0;
15,163.935922102,273.289457265,714.0;
15,167.18351458,273.294079517,715.0;
15,170.414452576,272.360207304,716.0;
15,173.536020185,270.323584966,717.0;
15,176.864732797,268.018944365,718.0;
15,180.483981333,265.003420094,719.0;
15,184.064925367,261.933837277,720.0;
15,187.77337343,260.012073208,721.0;
15,191.929027254,259.792746295,722.0;
15,196.254646309,260.803809187,723.0;
15,200.59078494,262.201014018,724.0;
15,204.245418489,263.451185079,725.0;
15,207.688204469,264.293972752,726.0;
15,211.157231456,264.389500934,727.0;
15,215.07900639,263.781726473,728.0;
15,219.234658692,262.378123892,729.0;
15,223.180812721,260.073794234,730.0;
15,226.76364767,257.684183125,731.0;
15,230.291486847,255.908113292,732.0;
15,233.911290206,255.237404729,733.0;
15,237.681444633,255.320082704,734.0;
15,241.295555508,255.803160867,735.0;
15,244.662613166,256.684862813,736.0;
15,247.795886031,257.220551571,737.0;
15,251.063588467,257.163193867,738.0;
15,254.29696883,256.228643148,739.0;
15,257.750449938,254.225847526,740.0;
15,261.469282374,251.665561621,741.0;
15,265.409815121,248.338755493,742.0;
15,269.189961528,245.307667633,743.0;
15,273.277453519,243.870264847,744.0;
15,277.474311118,243.919050426,745.0;
15,281.681230484,245.04741724,746.0;
15,285.539985402,246.446974173,747.0;
15,288.680491952,247.634512771,748.0;
15,291.722247713,248.394561065,749.0;
15,293.757846533,248.717602233,750.0;
16,327,4,732.0;
16,327,4,732.0;
16,326.5,7.1,733.0;
16,326.7,9.7,734.0;
16,322.13,10.11,735.0;
16,316.977,8.711,736.0;
16,313.139,7.861,737.0;
16,309.301,7.011,738.0;
16,305.463,6.161,739.0;
16,301.625,5.311,740.0;
16,296.6509,7.9227,741.0;
16,292.87617,10.28535,742.0;
16,289.894517,13.254243,743.0;
16,287.6522169,15.3307199,744.0;
16,285.58695245,16.70755979,745.0;
16,283.377796721,17.294624583,746.0;
16,280.882442365,16.9867784755,747.0;
16,278.095608911,16.2978222517,748.0;
16,275.39012386,15.5745729809,749.0;
16,273.513620028,15.0201644142,750.0;
